business_name,start_date,end_date,start_time,end_time,display_schedule,display_address,geocode_address,latitude,longitude,geocode_status
Blended 8,9/10/2025,9/10/2026,9:30:00 AM,10:00:00 AM,09/10/2025 9:30 AM - 09/10/2026 10:00 AM,Address unavailable,,,,no_usable_address
Dorothy and Totos Kettle,4/2/2026,10/31/2026,9:00:00 AM,10:00:00 AM,04/02/2026 9:00 AM - 10/31/2026 10:00 AM,"7 S Monroe St, Rockford, Michigan 49341, United States","7 S Monroe St, Rockford, Michigan 49341",43.119521971382,-85.558566593359,geocoded
Cherrywood Smoke House,5/6/2026,10/28/2026,8:00:00 AM,9:00:00 AM,05/06/2026 8:00 AM - 10/28/2026 9:00 AM,"400 W Main St, Lowell, MI 49331","400 W Main St, Lowell, MI 49331",42.933278513576,-85.34216831687,geocoded
Kool Breeze,5/10/2026,7/31/2026,8:00:00 AM,9:00:00 AM,05/10/2026 8:00 AM - 07/31/2026 9:00 AM,"2001 Monroe Ave NE, Grand Rapids, Michigan 49505, United States","2001 Monroe Ave NE, Grand Rapids, Michigan 49505",43.010558245612,-85.666243219391,geocoded
Pilar's Empanadas,5/10/2026,11/1/2026,8:00:00 AM,9:00:00 AM,05/10/2026 8:00 AM - 11/01/2026 9:00 AM,"N Main St, Rockford, MI 49341","N Main St, Rockford, MI 49341",43.124327654756,-85.559567228153,geocoded
Los Pinches Tacos,5/15/2026,8/14/2026,10:00:00 AM,11:00:00 AM,05/15/2026 10:00 AM - 08/14/2026 11:00 AM,"2001 Monroe Ave NW, Grand Rapids, MI 49505","2001 Monroe Ave NW, Grand Rapids, MI 49505",43.00014233822,-85.671030527759,geocoded
Magical Confections,5/22/2026,8/7/2026,2:00:00 PM,3:00:00 PM,05/22/2026 2:00 PM - 08/07/2026 3:00 PM,"2001 Monroe Ave NW, Grand Rapids, MI 49505","2001 Monroe Ave NW, Grand Rapids, MI 49505",43.00014233822,-85.671030527759,geocoded
Say Cheese Curd,5/22/2026,7/24/2026,5:00:00 PM,6:00:00 PM,05/22/2026 5:00 PM - 07/24/2026 6:00 PM,"2001 Monroe Ave NW, Grand Rapids, MI 49505","2001 Monroe Ave NW, Grand Rapids, MI 49505",43.00014233822,-85.671030527759,geocoded
Lone Star Lemonade,5/23/2026,8/1/2026,10:30:00 AM,11:00:00 AM,05/23/2026 10:30 AM - 08/01/2026 11:00 AM,"Monroe Ave NE, Grand Rapids, MI 49505","Monroe Ave NE, Grand Rapids, MI 49505",43.010558245612,-85.666243219391,geocoded
Airborne Burritos,5/26/2026,6/26/2026,12:00:00 PM,1:00:00 PM,05/26/2026 12:00 PM - 06/26/2026 1:00 PM,"2797 Monroe Ave NW, Grand Rapids, Michigan, United States","2797 Monroe Ave NW, Grand Rapids, Michigan",42.977066119306,-85.6725446418,geocoded
Bessies Burgers,5/28/2026,10/31/2026,12:00:00 PM,1:00:00 PM,05/28/2026 12:00 PM - 10/31/2026 1:00 PM,"925 28th St SE, Grand Rapids, Michigan 49508, United States","925 28th St SE, Grand Rapids, Michigan 49508",42.913194048644,-85.643355998045,geocoded
Rolling Soul,5/29/2026,7/31/2026,12:00:00 PM,1:00:00 PM,05/29/2026 12:00 PM - 07/31/2026 1:00 PM,"2001 Monroe Ave NW, Grand Rapids, MI 49505","2001 Monroe Ave NW, Grand Rapids, MI 49505",43.00014233822,-85.671030527759,geocoded
Fire and Rice,5/29/2026,7/24/2026,8:00:00 PM,9:00:00 PM,05/29/2026 8:00 PM - 07/24/2026 9:00 PM,Riverside Park,,,,no_usable_address
Cool Breeze,6/1/2026,8/28/2026,8:00:00 AM,9:00:00 AM,06/01/2026 8:00 AM - 08/28/2026 9:00 AM,"5500 44th St SE, Grand Rapids, MI 49512","5500 44th St SE, Grand Rapids, MI 49512",42.884711042459,-85.529387009111,geocoded
Kool Breeze,6/1/2026,8/31/2026,8:00:00 AM,9:00:00 AM,06/01/2026 8:00 AM - 08/31/2026 9:00 AM,"1415 Maynard Ave SW, Walker, MI 49534","1415 Maynard Ave SW, Walker, MI 49534",42.93623875032,-85.749645152013,geocoded
Kona Ice,6/1/2026,6/1/2026,12:00:00 PM,1:00:00 PM,06/01/2026 12:00 PM - 06/01/2026 1:00 PM,"225 S Hudson St, Lowell, Michigan 49331, United States","225 S Hudson St, Lowell, Michigan 49331",42.931682012478,-85.341488963618,geocoded
Dorothy and Totos Kettle Corn,6/2/2026,6/2/2026,8:00:00 AM,9:00:00 AM,06/02/2026 8:00 AM - 06/02/2026 9:00 AM,"4055 Maple St SW, Grandville, MI 49418","4055 Maple St SW, Grandville, MI 49418",42.907771334475,-85.764574243577,geocoded
Motor Mouth Burgers,6/2/2026,6/2/2026,8:00:00 AM,9:00:00 AM,06/02/2026 8:00 AM - 06/02/2026 9:00 AM,Riverside Park,,,,no_usable_address
Patty Matters,6/2/2026,6/2/2026,9:00:00 AM,10:00:00 AM,06/02/2026 9:00 AM - 06/02/2026 10:00 AM,"4055 Maple St SW, Grandville, MI 49418","4055 Maple St SW, Grandville, MI 49418",42.907771334475,-85.764574243577,geocoded
Ollys Donuts,6/2/2026,6/3/2026,10:00:00 AM,2:00:00 PM,06/02/2026 10:00 AM - 06/03/2026 2:00 PM,"2799 10 Mile Rd NE, Rockford, MI 49341","2799 10 Mile Rd NE, Rockford, MI 49341",43.119462459869,-85.60228945017,geocoded
Ollys Donuts,6/2/2026,6/2/2026,11:00:00 AM,12:00:00 PM,06/02/2026 11:00 AM - 06/02/2026 12:00 PM,"2001 Monroe Ave NW, Grand Rapids, MI 49505","2001 Monroe Ave NW, Grand Rapids, MI 49505",43.00014233822,-85.671030527759,geocoded
Being Cheesy,6/2/2026,6/2/2026,12:00:00 PM,1:00:00 PM,06/02/2026 12:00 PM - 06/02/2026 1:00 PM,"6001 Hall St SE, Grand Rapids, Michigan 49546, United States","6001 Hall St SE, Grand Rapids, Michigan 49546",42.9447708572,-85.52007932473,geocoded
Irish Rover,6/2/2026,6/2/2026,1:00:00 PM,2:00:00 PM,06/02/2026 1:00 PM - 06/02/2026 2:00 PM,"6001 Hall St SE, Grand Rapids, Michigan 49546, United States","6001 Hall St SE, Grand Rapids, Michigan 49546",42.9447708572,-85.52007932473,geocoded
Magical Confections,6/2/2026,6/30/2026,2:00:00 PM,3:00:00 PM,06/02/2026 2:00 PM - 06/30/2026 3:00 PM,"Monroe Ave NE, Grand Rapids, MI 49505","Monroe Ave NE, Grand Rapids, MI 49505",43.010558245612,-85.666243219391,geocoded
Sanse Filipino,6/2/2026,6/2/2026,2:00:00 PM,3:00:00 PM,06/02/2026 2:00 PM - 06/02/2026 3:00 PM,"2797 Monroe Ave NE, Grand Rapids, MI 49505","2797 Monroe Ave NE, Grand Rapids, MI 49505",43.014004353357,-85.663662665975,geocoded
Roberts Brothers BBQ,6/2/2026,6/2/2026,3:00:00 PM,4:00:00 PM,06/02/2026 3:00 PM - 06/02/2026 4:00 PM,"Monroe Ave NE, Grand Rapids, MI 49505","Monroe Ave NE, Grand Rapids, MI 49505",43.010558245612,-85.666243219391,geocoded
Airborne Burritos,6/2/2026,9/2/2026,4:00:00 PM,5:00:00 PM,06/02/2026 4:00 PM - 09/02/2026 5:00 PM,"1300 Gezon Pkwy SW, Wyoming, MI 49509","1300 Gezon Pkwy SW, Wyoming, MI 49509",42.859574846392,-85.697020546392,geocoded
Casa De Los Abuelos,6/3/2026,8/27/2026,8:00:00 AM,9:00:00 AM,06/03/2026 8:00 AM - 08/27/2026 9:00 AM,"4910 Kraft Ave SE, Grand Rapids, Michigan 49512, United States","4910 Kraft Ave SE, Grand Rapids, Michigan 49512",42.874667426979,-85.526999172534,geocoded
Fat Guys Burgers,6/3/2026,6/3/2026,8:00:00 AM,9:00:00 AM,06/03/2026 8:00 AM - 06/03/2026 9:00 AM,"11700 Vergennes St SE, Lowell, MI 49331","11700 Vergennes St SE, Lowell, MI 49331",42.958283223516,-85.380078017717,geocoded
Papa Dons Ice,6/3/2026,6/3/2026,9:00:00 AM,10:00:00 AM,06/03/2026 9:00 AM - 06/03/2026 10:00 AM,"5500 44th St SE, Grand Rapids, MI 49512","5500 44th St SE, Grand Rapids, MI 49512",42.884711042459,-85.529387009111,geocoded
Kona Ice,6/3/2026,6/3/2026,1:00:00 PM,2:00:00 PM,06/03/2026 1:00 PM - 06/03/2026 2:00 PM,"3275 Alden Nash Ave NE, Lowell, MI 49331","3275 Alden Nash Ave NE, Lowell, MI 49331",43.025798840926,-85.375087319582,geocoded
Kona Ice,6/3/2026,6/3/2026,2:00:00 PM,3:00:00 PM,06/03/2026 2:00 PM - 06/03/2026 3:00 PM,"3675 Patterson Ave SE, Grand Rapids, Michigan 49512, United States","3675 Patterson Ave SE, Grand Rapids, Michigan 49512",42.896814887829,-85.549305763817,geocoded
Around Baking Co.,6/4/2026,9/10/2026,8:00:00 AM,9:00:00 AM,06/04/2026 8:00 AM - 09/10/2026 9:00 AM,"135 Monroe Center St NW, Grand Rapids, MI 49503","135 Monroe Center St NW, Grand Rapids, MI 49503",42.965469883273,-85.67177056599,geocoded
Mays Concessions,6/4/2026,6/7/2026,8:00:00 AM,9:00:00 AM,06/04/2026 8:00 AM - 06/07/2026 9:00 AM,Downown Rockford - Squire St.,,,,no_usable_address
Patty Matters,6/4/2026,6/4/2026,8:00:00 AM,9:00:00 AM,06/04/2026 8:00 AM - 06/04/2026 9:00 AM,"1155 29th St SW, Wyoming, Michigan 49519, United States","1155 29th St SW, Wyoming, Michigan 49519",42.912013777351,-85.722351332271,geocoded
Family Thyme Foods,6/4/2026,6/4/2026,9:00:00 AM,10:00:00 AM,06/04/2026 9:00 AM - 06/04/2026 10:00 AM,"11700 Vergennes St SE, Lowell, MI 49331","11700 Vergennes St SE, Lowell, MI 49331",42.958283223516,-85.380078017717,geocoded
Family Thyme Food,6/4/2026,6/4/2026,10:00:00 AM,11:00:00 AM,06/04/2026 10:00 AM - 06/04/2026 11:00 AM,"8230 Clyde Park Ave SW, Byron Center, Michigan 49315, United States","8230 Clyde Park Ave SW, Byron Center, Michigan 49315",42.814214249521,-85.68066887822,geocoded
French Fry,6/4/2026,6/7/2026,10:00:00 AM,11:00:00 AM,06/04/2026 10:00 AM - 06/07/2026 11:00 AM,"4100 Kroes St NE, Rockford, MI 49341","4100 Kroes St NE, Rockford, MI 49341",43.091660818593,-85.565199863894,geocoded
Magical Confections,6/4/2026,6/4/2026,11:00:00 AM,12:00:00 PM,06/04/2026 11:00 AM - 06/04/2026 12:00 PM,"630 66th St SE, Grand Rapids, MI 49548","630 66th St SE, Grand Rapids, MI 49548",42.843981321363,-85.648781184875,geocoded
Matas Fun Foods - Elephant Eat Unit,6/4/2026,6/4/2026,12:00:00 PM,1:00:00 PM,06/04/2026 12:00 PM - 06/04/2026 1:00 PM,"25 N SQUIRES ST, Rockford, MI 49341","25 N Squires St, Rockford, MI 49341",43.120407058448,-85.560995501262,geocoded
Steak Trailor,6/4/2026,6/7/2026,12:00:00 PM,1:00:00 PM,06/04/2026 12:00 PM - 06/07/2026 1:00 PM,"Squires St NE, Rockford, Michigan 49341, United States","Squires St NE, Rockford, Michigan 49341",43.125126323647,-85.463550719767,geocoded
Rolling Concessions,6/4/2026,6/4/2026,1:00:00 PM,2:00:00 PM,06/04/2026 1:00 PM - 06/04/2026 2:00 PM,"17 S Monroe St, Rockford, MI 49341","17 S Monroe St, Rockford, MI 49341",43.119215990007,-85.558168033863,geocoded
Sanse Filipino,6/4/2026,9/3/2026,1:00:00 PM,2:00:00 PM,06/04/2026 1:00 PM - 09/03/2026 2:00 PM,"135 Monroe Center St NW, Grand Rapids, MI 49503","135 Monroe Center St NW, Grand Rapids, MI 49503",42.965469883273,-85.67177056599,geocoded
Haul N Balls,6/4/2026,6/4/2026,2:00:00 PM,3:00:00 PM,06/04/2026 2:00 PM - 06/04/2026 3:00 PM,"9914 Vergennes St SE, Ada, Michigan 49301, United States","9914 Vergennes St SE, Ada, Michigan 49301",42.958174720435,-85.422862660211,geocoded
Cousins Maine Lobster,6/4/2026,6/4/2026,3:00:00 PM,4:00:00 PM,06/04/2026 3:00 PM - 06/04/2026 4:00 PM,"15030 Northland Dr, Sand Lake, Michigan 49343, United States","15030 Northland Dr, Sand Lake, Michigan 49343",43.239331270485,-85.548956527336,geocoded
Sip Shack,6/4/2026,6/4/2026,4:00:00 PM,5:00:00 PM,06/04/2026 4:00 PM - 06/04/2026 5:00 PM,"4055 Maple St SW, Grandville, MI 49418","4055 Maple St SW, Grandville, MI 49418",42.907771334475,-85.764574243577,geocoded
Aloha Shaved Ice,6/4/2026,6/7/2026,5:00:00 PM,6:00:00 PM,06/04/2026 5:00 PM - 06/07/2026 6:00 PM,"215 N Wyman St, Rockford, IL 61101","215 N Wyman St, Rockford, MI, IL 61101",42.272017138205,-89.092623148622,geocoded
Bubbly Broads,6/4/2026,6/4/2026,5:00:00 PM,6:00:00 PM,06/04/2026 5:00 PM - 06/04/2026 6:00 PM,"8085 Byron Center Ave SW, Byron Center, MI 49315","8085 Byron Center Ave SW, Byron Center, MI 49315",42.817220125728,-85.723838361783,geocoded
Bubbly Broads,6/4/2026,6/4/2026,6:00:00 PM,7:00:00 PM,06/04/2026 6:00 PM - 06/04/2026 7:00 PM,"Monroe Ave NE, Grand Rapids, MI 49505","Monroe Ave NE, Grand Rapids, MI 49505",43.010558245612,-85.666243219391,geocoded
Kona Ice,6/4/2026,6/4/2026,7:00:00 PM,8:00:00 PM,06/04/2026 7:00 PM - 06/04/2026 8:00 PM,"1450 Forest Hill Ave SE, Grand Rapids, MI 49546","1450 Forest Hill Ave SE, Grand Rapids, MI 49546",42.936827746656,-85.553579780065,geocoded
Grumpy's Food,6/4/2026,6/8/2026,8:00:00 PM,9:00:00 PM,06/04/2026 8:00 PM - 06/08/2026 9:00 PM,Corner Bar Rockford,,,,no_usable_address
Kate's Diner,6/4/2026,6/7/2026,8:00:00 PM,9:00:00 PM,06/04/2026 8:00 PM - 06/07/2026 9:00 PM,"N Main St, Rockford, MI 49341","N Main St, Rockford, MI 49341",43.124327654756,-85.559567228153,geocoded
Around Baking Co.,6/5/2026,8/14/2026,8:00:00 AM,9:00:00 AM,06/05/2026 8:00 AM - 08/14/2026 9:00 AM,"2001 Monroe Ave NW, Grand Rapids, MI 49505","2001 Monroe Ave NW, Grand Rapids, MI 49505",43.00014233822,-85.671030527759,geocoded
Around Baking Co.,6/5/2026,6/5/2026,8:00:00 AM,9:00:00 AM,06/05/2026 8:00 AM - 06/05/2026 9:00 AM,"4100 Lake Dr SE, Grand Rapids, MI 49546","4100 Lake Dr SE, Grand Rapids, MI 49546",42.939699302865,-85.567564650237,geocoded
Two Bones BBQ,6/5/2026,8/14/2026,8:00:00 AM,9:00:00 AM,06/05/2026 8:00 AM - 08/14/2026 9:00 AM,"2001 Monroe Ave NW, Grand Rapids, MI 49505","2001 Monroe Ave NW, Grand Rapids, MI 49505",43.00014233822,-85.671030527759,geocoded
Patty Matters,6/5/2026,6/5/2026,9:00:00 AM,10:00:00 AM,06/05/2026 9:00 AM - 06/05/2026 10:00 AM,"2801 E Beltline Ave NE, Grand Rapids, MI 49525","2801 E Beltline Ave NE, Grand Rapids, MI 49525",43.014119664679,-85.591094161193,geocoded
Family Thyme Foods,6/5/2026,6/5/2026,10:00:00 AM,11:00:00 AM,06/05/2026 10:00 AM - 06/05/2026 11:00 AM,"7970 Snow Ave SE, Alto, Michigan 49302, United States","7970 Snow Ave SE, Alto, Michigan 49302",42.81994352715,-85.428343266577,geocoded
Ollys Donuts,6/5/2026,6/5/2026,11:00:00 AM,12:00:00 PM,06/05/2026 11:00 AM - 06/05/2026 12:00 PM,"Monroe Ave NE, Grand Rapids, MI 49505","Monroe Ave NE, Grand Rapids, MI 49505",43.010558245612,-85.666243219391,geocoded
Kona Ice,6/5/2026,6/5/2026,1:00:00 PM,2:00:00 PM,06/05/2026 1:00 PM - 06/05/2026 2:00 PM,"7970 Snow Ave SE, Alto, Michigan 49302, United States","7970 Snow Ave SE, Alto, Michigan 49302",42.81994352715,-85.428343266577,geocoded
Roberts Brothers BBQ,6/5/2026,6/5/2026,2:00:00 PM,3:00:00 PM,06/05/2026 2:00 PM - 06/05/2026 3:00 PM,"Monroe Ave NE, Grand Rapids, MI 49505","Monroe Ave NE, Grand Rapids, MI 49505",43.010558245612,-85.666243219391,geocoded
Kona Ice,6/5/2026,6/5/2026,3:00:00 PM,4:00:00 PM,06/05/2026 3:00 PM - 06/05/2026 4:00 PM,Various,,,,no_usable_address
Kona Ice,6/5/2026,6/5/2026,4:00:00 PM,5:00:00 PM,06/05/2026 4:00 PM - 06/05/2026 5:00 PM,"4645 Chandy Dr NE, Grand Rapids, MI 49525","4645 Chandy Dr NE, Grand Rapids, MI 49525",43.047014192234,-85.593104309213,geocoded
Kona Ice,6/5/2026,6/5/2026,5:00:00 PM,6:00:00 PM,06/05/2026 5:00 PM - 06/05/2026 6:00 PM,"201 E Main St, Lowell, Michigan 49331, United States","201 E Main St, Lowell, Michigan 49331",42.934709891181,-85.337813331437,geocoded
ZOMBurgers,6/5/2026,6/5/2026,6:00:00 PM,7:00:00 PM,06/05/2026 6:00 PM - 06/05/2026 7:00 PM,"4717 Broadmoor Ave SE, Grand Rapids, Michigan 49512, United States","4717 Broadmoor Ave SE, Grand Rapids, Michigan 49512",42.877972537129,-85.562072743458,geocoded
Detroit Sibling Rivalry BBQ,6/5/2026,6/5/2026,7:00:00 PM,8:00:00 PM,06/05/2026 7:00 PM - 06/05/2026 8:00 PM,"7525 Alaska Ave SE, Caledonia, Michigan 49316, United States","7525 Alaska Ave SE, Caledonia, Michigan 49316",42.828143882951,-85.478568703625,geocoded
Burgers and Bows,6/5/2026,6/5/2026,8:00:00 PM,9:00:00 PM,06/05/2026 8:00 PM - 06/05/2026 9:00 PM,"7525 Alaska Ave SE, Caledonia, MI 49316","7525 Alaska Ave SE, Caledonia, MI 49316",42.828143882951,-85.478568703625,geocoded
Mikes Concessions,6/6/2026,6/6/2026,8:00:00 AM,9:00:00 AM,06/06/2026 8:00 AM - 06/06/2026 9:00 AM,"2001 Monroe Ave NW, Grand Rapids, MI 49505","2001 Monroe Ave NW, Grand Rapids, MI 49505",43.00014233822,-85.671030527759,geocoded
Mikes Concessions,6/6/2026,6/6/2026,9:00:00 AM,10:00:00 AM,06/06/2026 9:00 AM - 06/06/2026 10:00 AM,"4900 Breton Rd SE, Kentwood, Michigan 49512, United States","4900 Breton Rd SE, Kentwood, Michigan 49512",42.874644628202,-85.596592857315,geocoded
Majoors Concessions,6/6/2026,6/6/2026,10:00:00 AM,11:00:00 AM,06/06/2026 10:00 AM - 06/06/2026 11:00 AM,"200 N Monroe St, Lowell, MI 49331","200 N Monroe St, Lowell, MI 49331",42.935773135599,-85.337968564284,geocoded
Patty Maters,6/6/2026,6/6/2026,11:00:00 AM,12:00:00 PM,06/06/2026 11:00 AM - 06/06/2026 12:00 PM,"Monroe Ave NE, Grand Rapids, MI 49505","Monroe Ave NE, Grand Rapids, MI 49505",43.010558245612,-85.666243219391,geocoded
Patty Matters,6/6/2026,6/6/2026,12:00:00 PM,1:00:00 PM,06/06/2026 12:00 PM - 06/06/2026 1:00 PM,"4900 Breton Rd SE, Kentwood, Michigan 49512, United States","4900 Breton Rd SE, Kentwood, Michigan 49512",42.874644628202,-85.596592857315,geocoded
Roberts Brothers BBQ,6/6/2026,6/6/2026,1:00:00 PM,2:00:00 PM,06/06/2026 1:00 PM - 06/06/2026 2:00 PM,"4900 Breton Rd SE, Kentwood, MI 49508","4900 Breton Rd SE, Kentwood, MI 49508",42.874644628202,-85.596592857315,geocoded
Ollys Donuts,6/6/2026,6/6/2026,2:00:00 PM,3:00:00 PM,06/06/2026 2:00 PM - 06/06/2026 3:00 PM,"6446 Belmont Ave NE, Belmont, MI 49306","6446 Belmont Ave NE, Belmont, MI 49306",43.079821128901,-85.608232051883,geocoded
Ollys Donuts,6/6/2026,6/6/2026,3:00:00 PM,4:00:00 PM,06/06/2026 3:00 PM - 06/06/2026 4:00 PM,"4900 Breton Rd SE, Kentwood, MI 49508","4900 Breton Rd SE, Kentwood, MI 49508",42.874644628202,-85.596592857315,geocoded
Sanse Filipino,6/6/2026,6/6/2026,4:00:00 PM,5:00:00 PM,06/06/2026 4:00 PM - 06/06/2026 5:00 PM,"4900 Breton Rd SE, Kentwood, MI 49508","4900 Breton Rd SE, Kentwood, MI 49508",42.874644628202,-85.596592857315,geocoded
Motor Mouth,6/6/2026,6/6/2026,5:00:00 PM,6:00:00 PM,06/06/2026 5:00 PM - 06/06/2026 6:00 PM,Riverside Park,,,,no_usable_address
Sabor Boricua,6/6/2026,6/6/2026,6:00:00 PM,7:00:00 PM,06/06/2026 6:00 PM - 06/06/2026 7:00 PM,"820 Monroe Ave NW Ste 155, Grand Rapids, MI 49503","820 Monroe Ave NW, Grand Rapids, MI 49503",42.977764626489,-85.671878608722,geocoded
Airborne Burritos,6/6/2026,8/27/2026,7:00:00 PM,8:00:00 PM,06/06/2026 7:00 PM - 08/27/2026 8:00 PM,"4055 Maple St SW, Grandville, MI 49418","4055 Maple St SW, Grandville, MI 49418",42.907771334475,-85.764574243577,geocoded
Airborne Burritos,6/6/2026,7/10/2026,7:00:00 PM,8:00:00 PM,06/06/2026 7:00 PM - 07/10/2026 8:00 PM,Riverside Park,,,,no_usable_address
Luna Bella,6/6/2026,6/6/2026,7:00:00 PM,8:00:00 PM,06/06/2026 7:00 PM - 06/06/2026 8:00 PM,"4900 Breton Rd SE, Kentwood, MI 49508","4900 Breton Rd SE, Kentwood, MI 49508",42.874644628202,-85.596592857315,geocoded
Ziggys Concessions,6/6/2026,6/6/2026,8:00:00 PM,9:00:00 PM,06/06/2026 8:00 PM - 06/06/2026 9:00 PM,"820 Monroe Ave NW Ste 155, Grand Rapids, MI 49503","820 Monroe Ave NW, Grand Rapids, MI 49503",42.977764626489,-85.671878608722,geocoded
Kona Ice,6/6/2026,6/6/2026,9:00:00 PM,10:00:00 PM,06/06/2026 9:00 PM - 06/06/2026 10:00 PM,"1180 Buttrick Ave SE, Ada, MI 49301","1180 Buttrick Ave SE, Ada, MI 49301",42.944558166407,-85.478372064176,geocoded
Larry's Smokehouse,6/6/2026,6/6/2026,10:00:00 PM,11:00:00 PM,06/06/2026 10:00 PM - 06/06/2026 11:00 PM,"4900 Breton Rd SE, Kentwood, Michigan 49512, United States","4900 Breton Rd SE, Kentwood, Michigan 49512",42.874644628202,-85.596592857315,geocoded
ABO Coffee,6/6/2026,6/7/2026,11:00:00 PM,12:00:00 AM,06/06/2026 11:00 PM - 06/07/2026 12:00 AM,"1555 Wealth St SE, Grand Rapids","1555 Wealth St SE, Grand Rapids, MI",42.955689878648,-85.630524980664,geocoded
Cool Breeze,6/7/2026,6/7/2026,8:00:00 AM,9:00:00 AM,06/07/2026 8:00 AM - 06/07/2026 9:00 AM,"7988 Clyde Park Ave SW, Byron Center, Michigan 49315, United States","7988 Clyde Park Ave SW, Byron Center, Michigan 49315",42.81934862622,-85.680479195751,geocoded
Waffle Stix,6/7/2026,6/7/2026,9:00:00 AM,10:00:00 AM,06/07/2026 9:00 AM - 06/07/2026 10:00 AM,"4425 14 Mile Rd NE, Rockford, MI 49341","4425 14 Mile Rd NE, Rockford, MI 49341",43.177658306983,-85.560226713102,geocoded
Ollys Donuts,6/7/2026,6/7/2026,10:00:00 AM,11:00:00 AM,06/07/2026 10:00 AM - 06/07/2026 11:00 AM,"13801 Cascade Rd SE, Lowell, MI 49331","13801 Cascade Rd SE, Lowell, MI 49331",42.88958729845,-85.322904607897,geocoded
Magical Confections,6/7/2026,6/7/2026,11:00:00 AM,12:00:00 PM,06/07/2026 11:00 AM - 06/07/2026 12:00 PM,"1145 Fulton St E, Grand Rapids, MI 49503","1145 Fulton St E, Grand Rapids, MI 49503",42.962892364228,-85.640222088266,geocoded
Grub it up,6/7/2026,6/7/2026,12:00:00 PM,1:00:00 PM,06/07/2026 12:00 PM - 06/07/2026 1:00 PM,"17 S Monroe St, Rockford, MI 49341","17 S Monroe St, Rockford, MI 49341",43.119215990007,-85.558168033863,geocoded
Cousins Maine Lobster,6/7/2026,6/7/2026,1:00:00 PM,2:00:00 PM,06/07/2026 1:00 PM - 06/07/2026 2:00 PM,"301 36th St SW, Wyoming, MI 49548","301 36th St SW, Wyoming, MI 49548",42.899060064414,-85.672076673094,geocoded
Kona Ice,6/7/2026,6/7/2026,2:00:00 PM,3:00:00 PM,06/07/2026 2:00 PM - 06/07/2026 3:00 PM,Various,,,,no_usable_address
The Sip Shack,6/7/2026,6/7/2026,3:00:00 PM,4:00:00 PM,06/07/2026 3:00 PM - 06/07/2026 4:00 PM,"13801 Cascade Rd SE, Lowell, MI 49331","13801 Cascade Rd SE, Lowell, MI 49331",42.88958729845,-85.322904607897,geocoded
Family Thyme Foods,6/8/2026,6/8/2026,8:00:00 AM,9:00:00 AM,06/08/2026 8:00 AM - 06/08/2026 9:00 AM,"1675 84th St SE, Caledonia, Michigan 49316, United States","1675 84th St SE, Caledonia, Michigan 49316",42.813640801615,-85.62107036152,geocoded
Around Baking Co.,6/8/2026,6/8/2026,9:00:00 AM,10:00:00 AM,06/08/2026 9:00 AM - 06/08/2026 10:00 AM,"5625 Burlingame Ave SW, Wyoming, MI 49509","5625 Burlingame Ave SW, Wyoming, MI 49509",42.862247583858,-85.704284722779,geocoded
Patty Matters,6/9/2026,6/9/2026,8:00:00 AM,9:00:00 AM,06/09/2026 8:00 AM - 06/09/2026 9:00 AM,"1701 Knapp St NE, Grand Rapids, MI 49505","1701 Knapp St NE, Grand Rapids, MI 49505",42.999200254213,-85.627618807195,geocoded
Patty Matters,6/9/2026,6/9/2026,9:00:00 AM,10:00:00 AM,06/09/2026 9:00 AM - 06/09/2026 10:00 AM,"4069 Lake Dr SE, Grand Rapids, MI 49546","4069 Lake Dr SE, Grand Rapids, MI 49546",42.940445376067,-85.56950615047,geocoded
Area,6/9/2026,6/9/2026,10:00:00 AM,11:00:00 AM,06/09/2026 10:00 AM - 06/09/2026 11:00 AM,Address unavailable,,,,no_usable_address
Family Thyme Foods,6/9/2026,6/9/2026,10:00:00 AM,11:00:00 AM,06/09/2026 10:00 AM - 06/09/2026 11:00 AM,"7239 Thornapple River Dr SE, Ada, MI 49301","7239 Thornapple River Dr SE, Ada, MI 49301",42.955707145369,-85.488896549441,geocoded
Cousins Maine Lobster,6/9/2026,6/9/2026,12:00:00 PM,1:00:00 PM,06/09/2026 12:00 PM - 06/09/2026 1:00 PM,"5300 Patterson Ave SE, Kentwood, MI 49512","5300 Patterson Ave SE, Kentwood, MI 49512",42.867956456201,-85.544864444781,geocoded
Around Baking Co.,6/9/2026,8/4/2026,1:00:00 PM,2:00:00 PM,06/09/2026 1:00 PM - 08/04/2026 2:00 PM,"3201 Burton St SE, Grand Rapids, MI 49546","3201 Burton St SE, Grand Rapids, MI 49546",42.931650245065,-85.589949696134,geocoded
Patty Matters,6/10/2026,6/10/2026,8:00:00 AM,8:30:00 AM,06/10/2026 8:00 AM - 06/10/2026 8:30 AM,"3003 Wilson Dr NW, Walker, MI 49534","3003 Wilson Dr NW, Walker, MI 49534",43.020001539504,-85.779984959299,geocoded
Big Reds BBQ,6/10/2026,6/10/2026,9:00:00 AM,10:00:00 AM,06/10/2026 9:00 AM - 06/10/2026 10:00 AM,"6191 Kraft Ave SE, Grand Rapids, MI 49512","6191 Kraft Ave SE, Grand Rapids, MI 49512",42.849739814573,-85.529877518085,geocoded
Patty Matters,6/10/2026,6/10/2026,10:00:00 AM,11:00:00 AM,06/10/2026 10:00 AM - 06/10/2026 11:00 AM,"7770 Carlisle Crossings Blvd SW, Byron Center, Michigan 49315, United States","7770 Carlisle Crossings Blvd SW, Byron Center, Michigan 49315",42.823440545622,-85.69586417903,geocoded
Papa Dons Ice,6/10/2026,6/10/2026,11:00:00 AM,12:00:00 PM,06/10/2026 11:00 AM - 06/10/2026 12:00 PM,"5500 44th St SE, Grand Rapids, MI 49512","5500 44th St SE, Grand Rapids, MI 49512",42.884711042459,-85.529387009111,geocoded
Olly's Donuts,6/10/2026,6/10/2026,12:00:00 PM,1:00:00 PM,06/10/2026 12:00 PM - 06/10/2026 1:00 PM,"7770 Carlisle Crossings Blvd SW, Byron Center, MI 49315, United States","7770 Carlisle Crossings Blvd SW, Byron Center, MI 49315",42.823440545622,-85.69586417903,geocoded
Kona Ice of Lowell,6/11/2026,8/14/2026,12:00:00 AM,12:00:00 AM,06/11/2026 12:00 AM - 08/14/2026 12:00 AM,"201 E Main St, Lowell, MI 49331","201 E Main St, Lowell, MI 49331",42.934709891181,-85.337813331437,geocoded
Patty Matters,6/11/2026,6/11/2026,8:00:00 AM,9:00:00 AM,06/11/2026 8:00 AM - 06/11/2026 9:00 AM,"4055 Maple St SW, Grandville, MI 49418","4055 Maple St SW, Grandville, MI 49418",42.907771334475,-85.764574243577,geocoded
Patty Matters,6/11/2026,6/11/2026,9:00:00 AM,10:00:00 AM,06/11/2026 9:00 AM - 06/11/2026 10:00 AM,"5900 Byron Center Ave SW, Wyoming, MI 49519","5900 Byron Center Ave SW, Wyoming, MI 49519",42.857840714444,-85.717765421475,geocoded
Patty Matters,6/11/2026,6/11/2026,10:00:00 AM,11:00:00 AM,06/11/2026 10:00 AM - 06/11/2026 11:00 AM,"35 Van Raalte Dr SW, Wyoming, Michigan, United States","35 Van Raalte Dr SW, Wyoming, Michigan",42.93665600146,-85.687194022204,geocoded
Family Thyme Foods,6/11/2026,6/11/2026,11:00:00 AM,12:00:00 PM,06/11/2026 11:00 AM - 06/11/2026 12:00 PM,"4455 Breton Rd SE, Kentwood, MI 49508","4455 Breton Rd SE, Kentwood, MI 49508",42.881232133546,-85.607309623439,geocoded
Sanse Filipino,6/11/2026,6/11/2026,12:00:00 PM,1:00:00 PM,06/11/2026 12:00 PM - 06/11/2026 1:00 PM,"4900 Breton Rd SE, Kentwood, MI 49508","4900 Breton Rd SE, Kentwood, MI 49508",42.874644628202,-85.596592857315,geocoded
Kool Breeze,6/11/2026,8/27/2026,1:00:00 PM,2:00:00 PM,06/11/2026 1:00 PM - 08/27/2026 2:00 PM,"101 Monroe Center St NW, Grand Rapids, Michigan 49503, United States","101 Monroe Center St NW, Grand Rapids, Michigan 49503",42.965179073142,-85.670964813638,geocoded
Patty Matters,6/11/2026,6/11/2026,1:00:00 PM,2:00:00 PM,06/11/2026 1:00 PM - 06/11/2026 2:00 PM,"101 Monroe Center St NW, Grand Rapids, MI 49503","101 Monroe Center St NW, Grand Rapids, MI 49503",42.965179073142,-85.670964813638,geocoded
Cousins Maine Lobster,6/11/2026,6/11/2026,2:00:00 PM,3:00:00 PM,06/11/2026 2:00 PM - 06/11/2026 3:00 PM,"2655 Grand Castle Blvd SW, Grandville, MI 49418","2655 Grand Castle Blvd SW, Grandville, MI 49418",42.91538021663,-85.760202494338,geocoded
Big Ed's BBQ,6/11/2026,6/11/2026,3:00:00 PM,3:30:00 PM,06/11/2026 3:00 PM - 06/11/2026 3:30 PM,"135 Monroe Center St NW, Grand Rapids, MI 49503","135 Monroe Center St NW, Grand Rapids, MI 49503",42.965469883273,-85.67177056599,geocoded
Area 9 mostly-Kona Ice of Lowell,6/12/2026,6/15/2026,12:00:00 AM,12:00:00 AM,06/12/2026 12:00 AM - 06/15/2026 12:00 AM,"Different neighborhood routes, they gave only zip codes",,,,no_usable_address
Olly's Donuts,6/12/2026,6/12/2026,8:00:00 AM,9:00:00 AM,06/12/2026 8:00 AM - 06/12/2026 9:00 AM,"1300 Fulton St W, Grand Rapids, MI 49504","1300 Fulton St W, Grand Rapids, MI 49504",42.962451853306,-85.702835659358,geocoded
Neko Taiyaki,6/12/2026,6/12/2026,9:00:00 AM,9:30:00 AM,06/12/2026 9:00 AM - 06/12/2026 9:30 AM,"1300 Fulton St W, Grand Rapids, MI 49504","1300 Fulton St W, Grand Rapids, MI 49504",42.962451853306,-85.702835659358,geocoded
Cruisin the Streets Sweets,6/12/2026,6/12/2026,9:30:00 AM,10:00:00 AM,06/12/2026 9:30 AM - 06/12/2026 10:00 AM,"2120 76th St SW, Byron Center, MI 49315","2120 76th St SW, Byron Center, MI 49315",42.824149822269,-85.716143439392,geocoded
Big Ed's BBQ,6/12/2026,6/12/2026,10:00:00 AM,10:30:00 AM,06/12/2026 10:00 AM - 06/12/2026 10:30 AM,"Monroe Ave NE, Grand Rapids, MI 49505","Monroe Ave NE, Grand Rapids, MI 49505",43.010558245612,-85.666243219391,geocoded
Adobo Boy,6/12/2026,6/13/2026,10:30:00 AM,11:00:00 AM,06/12/2026 10:30 AM - 06/13/2026 11:00 AM,"300 Monroe Ave NW, Grand Rapids, MI 49503, US","300 Monroe Ave NW, Grand Rapids, MI 49503, US",42.968928424161,-85.671274860236,geocoded
Desi's Snow Shack,6/12/2026,6/13/2026,11:00:00 AM,12:00:00 PM,06/12/2026 11:00 AM - 06/13/2026 12:00 PM,"300 Monroe Ave NW, Grand Rapids, MI 49503","300 Monroe Ave NW, Grand Rapids, MI 49503",42.968928424161,-85.671274860236,geocoded
BD's BBQ,6/13/2026,6/13/2026,8:00:00 AM,9:00:00 AM,06/13/2026 8:00 AM - 06/13/2026 9:00 AM,4476 Galloway Landings Drive Caledonia,"4476 Galloway Landings Dr Caledonia, MI",42.743314915683,-85.613265217102,geocoded
Maui Wowi,6/13/2026,6/13/2026,9:00:00 AM,10:00:00 AM,06/13/2026 9:00 AM - 06/13/2026 10:00 AM,"303 Monroe Ave NW, Grand Rapids, Michigan 49503, United States","303 Monroe Ave NW, Grand Rapids, Michigan 49503",42.969457657528,-85.673848858883,geocoded
Family Thyme Foods,6/13/2026,6/13/2026,10:00:00 AM,11:00:00 AM,06/13/2026 10:00 AM - 06/13/2026 11:00 AM,"7501 Burlingame Ave SW, Byron Center, Michigan 49315, United States","7501 Burlingame Ave SW, Byron Center, Michigan 49315",42.82849973665,-85.703696145538,geocoded
Motor Mouth Burger,6/13/2026,6/13/2026,11:00:00 AM,12:00:00 PM,06/13/2026 11:00 AM - 06/13/2026 12:00 PM,"4717 Broadmoor Ave SE, Kentwood, MI 49512","4717 Broadmoor Ave SE, Kentwood, MI 49512",42.877972537129,-85.562072743458,geocoded
Olly's Donuts,6/13/2026,6/13/2026,12:00:00 PM,1:00:00 PM,06/13/2026 12:00 PM - 06/13/2026 1:00 PM,"2405 12 Mile Rd NE, Rockford, MI 49341","2405 12 Mile Rd NE, Rockford, MI 49341",43.14617736574,-85.612617510942,geocoded
Patty Matters,6/13/2026,6/13/2026,1:00:00 PM,2:00:00 PM,06/13/2026 1:00 PM - 06/13/2026 2:00 PM,"210 Market Ave SW, Grand Rapids, Michigan 49503, United States","210 Market Ave SW, Grand Rapids, Michigan 49503",42.958987989909,-85.676026980242,geocoded
BD's BBQ,6/13/2026,6/13/2026,2:00:00 PM,2:30:00 PM,06/13/2026 2:00 PM - 06/13/2026 2:30 PM,"676 145th Ave, Caledonia, Michigan 49316, United States","676 145th Ave, Caledonia, Michigan 49316",42.746269159367,-85.612223011261,geocoded
Cousins Maine Lobster,6/13/2026,6/13/2026,2:30:00 PM,3:00:00 PM,06/13/2026 2:30 PM - 06/13/2026 3:00 PM,"9957 Cherry Valley Ave SE, Caledonia, Michigan 49316, United States","9957 Cherry Valley Ave SE, Caledonia, Michigan 49316",42.784176232658,-85.50764988433,geocoded
Being Cheesy,6/13/2026,6/13/2026,3:00:00 PM,3:30:00 PM,06/13/2026 3:00 PM - 06/13/2026 3:30 PM,219 finney ave sw,219 finney ave SW,42.959393768332,-85.67570781207,geocoded
Being Cheesy,6/13/2026,6/13/2026,3:30:00 PM,4:00:00 PM,06/13/2026 3:30 PM - 06/13/2026 4:00 PM,"8450 Pleasant Meadows Dr NE, Rockford, Michigan 49341, United States","8450 Pleasant Meadows Dr NE, Rockford, Michigan 49341",43.118937920369,-85.501331186621,geocoded
Irish Rover,6/13/2026,6/13/2026,4:00:00 PM,4:30:00 PM,06/13/2026 4:00 PM - 06/13/2026 4:30 PM,"3152 Fruit Ridge Ave NW, Grand Rapids, Michigan 49544, United States","3152 Fruit Ridge Ave NW, Grand Rapids, Michigan 49544",43.022180606449,-85.763361132627,geocoded
The Sip Shack,6/13/2026,6/13/2026,4:30:00 PM,5:00:00 PM,06/13/2026 4:30 PM - 06/13/2026 5:00 PM,"4055 Maple St SW, Grandville, MI 49418","4055 Maple St SW, Grandville, MI 49418",42.907771334475,-85.764574243577,geocoded
Tarriko Taqueria,6/13/2026,6/13/2026,5:00:00 PM,5:30:00 PM,06/13/2026 5:00 PM - 06/13/2026 5:30 PM,"272 Pearl St NW, Grand Rapids, MI 49504","272 Pearl St NW, Grand Rapids, MI 49504",42.965677796381,-85.676733155584,geocoded
Patty Matters,6/14/2026,6/14/2026,8:00:00 AM,9:00:00 AM,06/14/2026 8:00 AM - 06/14/2026 9:00 AM,"5080 Alpine Ave NW, Comstock Park, MI 49321","5080 Alpine Ave NW, Comstock Park, MI 49321",43.05593019028,-85.689227304277,geocoded
Patty Matters,6/14/2026,6/14/2026,9:00:00 AM,10:00:00 AM,06/14/2026 9:00 AM - 06/14/2026 10:00 AM,"301 36th St SW, Wyoming, MI 49548","301 36th St SW, Wyoming, MI 49548",42.899060064414,-85.672076673094,geocoded
Kona Ice of Lowell,6/14/2026,6/14/2026,10:00:00 AM,10:30:00 AM,06/14/2026 10:00 AM - 06/14/2026 10:30 AM,5080 Alpine Ave NW; Amore Trattoria Italiana,"5080 Alpine Ave NW, Amore Trattoria Italiana",43.055961,-85.689223,geocoded
Patty Matters,6/15/2026,6/15/2026,8:00:00 AM,9:00:00 AM,06/15/2026 8:00 AM - 06/15/2026 9:00 AM,"7239 Thornapple River Dr SE, Ada, MI 49301","7239 Thornapple River Dr SE, Ada, MI 49301",42.955707145369,-85.488896549441,geocoded
Patty Matters,6/15/2026,6/18/2026,9:00:00 AM,9:30:00 AM,06/15/2026 9:00 AM - 06/18/2026 9:30 AM,"210 Market Ave SW, Grand Rapids, Michigan 49503, United States","210 Market Ave SW, Grand Rapids, Michigan 49503",42.958987989909,-85.676026980242,geocoded
SS Confections-Steven & Sherri Rosenberg,6/15/2026,6/15/2026,9:00:00 AM,9:30:00 AM,06/15/2026 9:00 AM - 06/15/2026 9:30 AM,"4900 Breton Rd SE, Kentwood, MI 49508","4900 Breton Rd SE, Kentwood, MI 49508",42.874644628202,-85.596592857315,geocoded
Saladino Smoke,6/15/2026,6/15/2026,9:30:00 AM,10:00:00 AM,06/15/2026 9:30 AM - 06/15/2026 10:00 AM,"6920 Whitneyville Ave SE, Alto, MI 49302","6920 Whitneyville Ave SE, Alto, MI 49302",42.839059006813,-85.457864313134,geocoded
ZOMBurgers,6/15/2026,6/15/2026,12:00:00 PM,1:00:00 PM,06/15/2026 12:00 PM - 06/15/2026 1:00 PM,"2655 Grand Castle Blvd SW, Grandville, MI 49418","2655 Grand Castle Blvd SW, Grandville, MI 49418",42.91538021663,-85.760202494338,geocoded
Kona Ice of Lowell,6/16/2026,9/2/2026,12:00:00 AM,12:00:00 AM,06/16/2026 12:00 AM - 09/02/2026 12:00 AM,"847 Greenbrier Dr SE, Grand Rapids, Michigan 49546, United States","847 Greenbrier Dr SE, Grand Rapids, Michigan 49546",42.949050573143,-85.557131946812,geocoded
Macatawa Bank Snack Wagon,6/16/2026,6/16/2026,8:00:00 AM,9:00:00 AM,06/16/2026 8:00 AM - 06/16/2026 9:00 AM,"2750 Walker Ave NW, Walker, MI 49544","2750 Walker Ave NW, Walker, MI 49544",43.014592823114,-85.723057587502,geocoded
Cousins Maine Lobster,6/16/2026,6/16/2026,9:00:00 AM,9:30:00 AM,06/16/2026 9:00 AM - 06/16/2026 9:30 AM,"830 28th St SE, Grand Rapids, MI 49508","830 28th St SE, Grand Rapids, MI 49508",42.912108885549,-85.646016078836,geocoded
Olly's Donuts,6/16/2026,6/16/2026,9:30:00 AM,10:00:00 AM,06/16/2026 9:30 AM - 06/16/2026 10:00 AM,"2561 Porter St SW, Wyoming, MI 49519","2561 Porter St SW, Wyoming, MI 49519",42.922773683873,-85.728097961158,geocoded
Luna Bella's,6/16/2026,6/16/2026,10:00:00 AM,10:30:00 AM,06/16/2026 10:00 AM - 06/16/2026 10:30 AM,"133 Cesar E. Chavez Ave SW, Grand Rapids, MI 49503","133 Cesar E Chavez Ave SW, Grand Rapids, MI 49503",42.959949561842,-85.674113643204,geocoded
Patty Matters,6/17/2026,6/17/2026,8:00:00 AM,9:00:00 AM,06/17/2026 8:00 AM - 06/17/2026 9:00 AM,"6105 Wilson Ave SW, Walker, Michigan 49534, United States","6105 Wilson Ave SW, Walker, Michigan 49534",42.939175299562,-85.774736111689,geocoded
Papa Dons Ice,6/17/2026,6/17/2026,9:00:00 AM,10:00:00 AM,06/17/2026 9:00 AM - 06/17/2026 10:00 AM,"5500 44th St SE, Grand Rapids, MI 49512","5500 44th St SE, Grand Rapids, MI 49512",42.884711042459,-85.529387009111,geocoded
Fire and Ice,6/17/2026,6/17/2026,10:00:00 AM,11:00:00 AM,06/17/2026 10:00 AM - 06/17/2026 11:00 AM,"30 Coldbrook St NE, Grand Rapids, MI 49503","30 Coldbrook St NE, Grand Rapids, MI 49503",42.980965675312,-85.665695111112,geocoded
Magical Confections,6/17/2026,6/17/2026,11:00:00 AM,11:30:00 AM,06/17/2026 11:00 AM - 06/17/2026 11:30 AM,"133 Cesar E. Chavez Ave SW, Grand Rapids, MI 49503","133 Cesar E Chavez Ave SW, Grand Rapids, MI 49503",42.959949561842,-85.674113643204,geocoded
D's Jamaican Kitchen,6/17/2026,6/17/2026,11:30:00 AM,12:00:00 PM,06/17/2026 11:30 AM - 06/17/2026 12:00 PM,1534 kalamazoo ave se grand rapids,"1534 kalamazoo ave Grand Rapids, MI",42.935522474784,-85.639449360613,geocoded
Inspired Eats,6/17/2026,6/17/2026,12:00:00 PM,12:30:00 PM,06/17/2026 12:00 PM - 06/17/2026 12:30 PM,"401 N Park St NE, Grand Rapids, MI 49525","401 N Park St NE, Grand Rapids, MI 49525",43.022881645254,-85.659959123312,geocoded
Patty Matters,6/18/2026,6/18/2026,8:00:00 AM,9:00:00 AM,06/18/2026 8:00 AM - 06/18/2026 9:00 AM,"720 44th St SW, Wyoming, MI 49509","720 44th St SW, Wyoming, MI 49509",42.882873561644,-85.682648851388,geocoded
Desi's Snow Shack,6/18/2026,6/18/2026,9:00:00 AM,10:00:00 AM,06/18/2026 9:00 AM - 06/18/2026 10:00 AM,"4900 Breton Rd SE, Kentwood, MI 49508","4900 Breton Rd SE, Kentwood, MI 49508",42.874644628202,-85.596592857315,geocoded
Fire and Rice,6/18/2026,6/21/2026,10:00:00 AM,11:00:00 AM,06/18/2026 10:00 AM - 06/21/2026 11:00 AM,"5801 Northland Dr NE, Belmont, MI 49306","5801 Northland Dr NE, Belmont, MI 49306",43.0662153303,-85.581262272588,geocoded
Grumpy's Food Trailer,6/18/2026,6/18/2026,10:00:00 AM,10:30:00 AM,06/18/2026 10:00 AM - 06/18/2026 10:30 AM,"1782 Northridge Dr NW, Grand Rapids, Michigan 49544, United States","1782 Northridge Dr NW, Grand Rapids, Michigan 49544",43.022773434884,-85.712008981831,geocoded
Mayanmar Meals,6/18/2026,6/21/2026,10:00:00 AM,11:00:00 AM,06/18/2026 10:00 AM - 06/21/2026 11:00 AM,"5801 Northland Dr NE, Belmont, MI 49306","5801 Northland Dr NE, Belmont, MI 49306",43.0662153303,-85.581262272588,geocoded
Cousins Maine Lobster,6/18/2026,6/18/2026,10:30:00 AM,11:00:00 AM,06/18/2026 10:30 AM - 06/18/2026 11:00 AM,"5900 Byron Center Ave SW, Wyoming, MI 49519","5900 Byron Center Ave SW, Wyoming, MI 49519",42.857840714444,-85.717765421475,geocoded
Fire and Rice,6/18/2026,6/21/2026,10:30:00 AM,11:00:00 AM,06/18/2026 10:30 AM - 06/21/2026 11:00 AM,"5801 Northland Dr NE, Belmont, MI 49306","5801 Northland Dr NE, Belmont, MI 49306",43.0662153303,-85.581262272588,geocoded
Legacy Donuts,6/18/2026,6/20/2026,10:30:00 AM,11:00:00 AM,06/18/2026 10:30 AM - 06/20/2026 11:00 AM,"3901 Alpine Ave NW, Comstock Park, MI 49321","3901 Alpine Ave NW, Comstock Park, MI 49321",43.034516858419,-85.692917688607,geocoded
Michigan Coffee Crew,6/18/2026,6/18/2026,11:00:00 AM,11:30:00 AM,06/18/2026 11:00 AM - 06/18/2026 11:30 AM,"330 Covell Ave SW, Grand Rapids, Michigan 49534, United States","330 Covell Ave SW, Grand Rapids, Michigan 49534",42.957696631997,-85.716302527914,geocoded
Around Baking Co.,6/18/2026,6/18/2026,12:00:00 PM,1:00:00 PM,06/18/2026 12:00 PM - 06/18/2026 1:00 PM,"3215 4 Mile Rd NE, Grand Rapids, Michigan 49525, United States","3215 4 Mile Rd NE, Grand Rapids, Michigan 49525",43.029052528101,-85.588840351249,geocoded
Grumpy's Food Trailer,6/19/2026,6/20/2026,8:00:00 AM,8:30:00 AM,06/19/2026 8:00 AM - 06/20/2026 8:30 AM,sparta-not sure on exact location,,,,no_usable_address
Neko Taiyaki,6/19/2026,6/19/2026,8:00:00 AM,8:30:00 AM,06/19/2026 8:00 AM - 06/19/2026 8:30 AM,"Monroe Ave NE, Grand Rapids, MI 49505","Monroe Ave NE, Grand Rapids, MI 49505",43.010558245612,-85.666243219391,geocoded
Tarriko Taqueria,6/19/2026,6/19/2026,8:30:00 AM,9:00:00 AM,06/19/2026 8:30 AM - 06/19/2026 9:00 AM,"Monroe Ave NE, Grand Rapids, MI 49505","Monroe Ave NE, Grand Rapids, MI 49505",43.010558245612,-85.666243219391,geocoded
Dolce Mini Cakes,6/19/2026,6/19/2026,9:00:00 AM,9:30:00 AM,06/19/2026 9:00 AM - 06/19/2026 9:30 AM,"Monroe Ave NE, Grand Rapids, MI 49505","Monroe Ave NE, Grand Rapids, MI 49505",43.010558245612,-85.666243219391,geocoded
Outlaw Roasted Corn 3,6/19/2026,6/19/2026,9:30:00 AM,10:00:00 AM,06/19/2026 9:30 AM - 06/19/2026 10:00 AM,"Monroe Ave NE, Grand Rapids, MI 49505","Monroe Ave NE, Grand Rapids, MI 49505",43.010558245612,-85.666243219391,geocoded
Andy's Munchies,6/19/2026,6/19/2026,10:00:00 AM,10:30:00 AM,06/19/2026 10:00 AM - 06/19/2026 10:30 AM,"2655 Grand Castle Blvd SW, Grandville, MI 49418","2655 Grand Castle Blvd SW, Grandville, MI 49418",42.91538021663,-85.760202494338,geocoded
Freddy Franks,6/19/2026,6/19/2026,10:30:00 AM,11:00:00 AM,06/19/2026 10:30 AM - 06/19/2026 11:00 AM,"5425 E Paris Ave SE, Kentwood, MI 49512","5425 E Paris Ave SE, Kentwood, MI 49512",42.864940228343,-85.566873394682,geocoded
Big Red's BBQ,6/19/2026,6/19/2026,11:00:00 AM,11:30:00 AM,06/19/2026 11:00 AM - 06/19/2026 11:30 AM,"1415 Maynard Ave SW, Walker, MI 49534","1415 Maynard Ave SW, Walker, MI 49534",42.93623875032,-85.749645152013,geocoded
Five Dog Starr,6/19/2026,6/19/2026,11:30:00 AM,12:00:00 PM,06/19/2026 11:30 AM - 06/19/2026 12:00 PM,"13801 Cascade Rd SE, Lowell, MI 49331","13801 Cascade Rd SE, Lowell, MI 49331",42.88958729845,-85.322904607897,geocoded
Larry's Smoke house,6/19/2026,6/19/2026,12:00:00 PM,12:30:00 PM,06/19/2026 12:00 PM - 06/19/2026 12:30 PM,"41 Sheldon Blvd SE, Grand Rapids, Michigan 49503, United States","41 Sheldon Blvd SE, Grand Rapids, Michigan 49503",42.961807745957,-85.666995982484,geocoded
Dad's Pizza Bar,6/19/2026,6/19/2026,12:30:00 PM,1:00:00 PM,06/19/2026 12:30 PM - 06/19/2026 1:00 PM,"8085 Byron Center Ave SW, Byron Center, MI 49315","8085 Byron Center Ave SW, Byron Center, MI 49315",42.817220125728,-85.723838361783,geocoded
Big Ed's BBQ,6/19/2026,6/19/2026,1:00:00 PM,1:30:00 PM,06/19/2026 1:00 PM - 06/19/2026 1:30 PM,"2001 Monroe Ave NW, Grand Rapids, Michigan 49505, United States","2001 Monroe Ave NW, Grand Rapids, Michigan 49505",43.00014233822,-85.671030527759,geocoded
Patty Matters,6/20/2026,6/20/2026,8:00:00 AM,9:00:00 AM,06/20/2026 8:00 AM - 06/20/2026 9:00 AM,"300 Monroe Ave NW, Grand Rapids, MI 49503","300 Monroe Ave NW, Grand Rapids, MI 49503",42.968928424161,-85.671274860236,geocoded
Airborne Burritos,6/20/2026,6/21/2026,9:00:00 AM,10:00:00 AM,06/20/2026 9:00 AM - 06/21/2026 10:00 AM,"300 Monroe Ave NW, Grand Rapids, MI 49503","300 Monroe Ave NW, Grand Rapids, MI 49503",42.968928424161,-85.671274860236,geocoded
Fat Guy's Burgers,6/20/2026,6/20/2026,9:00:00 AM,9:30:00 AM,06/20/2026 9:00 AM - 06/20/2026 9:30 AM,"9957 Cherry Valley Ave SE, Caledonia, MI 49316","9957 Cherry Valley Ave SE, Caledonia, MI 49316",42.784176232658,-85.50764988433,geocoded
Olly's Donuts,6/20/2026,6/20/2026,9:30:00 AM,10:00:00 AM,06/20/2026 9:30 AM - 06/20/2026 10:00 AM,"415 Ethel Ave SE, Grand Rapids, MI 49506","415 Ethel Ave SE, Grand Rapids, MI 49506",42.955007675549,-85.633274412543,geocoded
Olly's Donuts,6/20/2026,6/20/2026,10:00:00 AM,10:30:00 AM,06/20/2026 10:00 AM - 06/20/2026 10:30 AM,"2428 7th St NW, Grand Rapids, Michigan 49504, United States","2428 7th St NW, Grand Rapids, Michigan 49504",42.978569247284,-85.728069295049,geocoded
Dolce Mini Cakes,6/20/2026,6/20/2026,10:30:00 AM,11:00:00 AM,06/20/2026 10:30 AM - 06/20/2026 11:00 AM,"300 Monroe Ave NW, Grand Rapids, MI 49503, US","300 Monroe Ave NW, Grand Rapids, MI 49503, US",42.968928424161,-85.671274860236,geocoded
Outlaw Roasted Corn 3,6/20/2026,6/20/2026,11:00:00 AM,11:30:00 AM,06/20/2026 11:00 AM - 06/20/2026 11:30 AM,"2586, United States",2586,-34.1271851,149.014901,geocoded
Two Bros Hot Dogs,6/20/2026,6/20/2026,11:30:00 AM,12:00:00 PM,06/20/2026 11:30 AM - 06/20/2026 12:00 PM,SE Corner of 17 mile road and Algoma Rd,SE Corner of 17 mile Rd and Algoma Rd,47.293590842637,-122.24931610571,geocoded
Around Baking Co.,6/20/2026,6/21/2026,12:00:00 PM,1:00:00 PM,06/20/2026 12:00 PM - 06/21/2026 1:00 PM,"300 Monroe Ave NW, Grand Rapids, MI 49503","300 Monroe Ave NW, Grand Rapids, MI 49503",42.968928424161,-85.671274860236,geocoded
D's Jamaican Kitchen,6/20/2026,6/20/2026,12:00:00 PM,12:30:00 PM,06/20/2026 12:00 PM - 06/20/2026 12:30 PM,1534 kalamazoo ave se grand rapids,"1534 kalamazoo ave Grand Rapids, MI",42.935522474784,-85.639449360613,geocoded
Andy's Munchies,6/20/2026,6/20/2026,12:30:00 PM,1:00:00 PM,06/20/2026 12:30 PM - 06/20/2026 1:00 PM,"1006 Division Ave S, Grand Rapids, MI 49507","1006 Division Ave S, Grand Rapids, MI 49507",42.944868171096,-85.666944601418,geocoded
Andy's Munchies,6/20/2026,6/20/2026,1:00:00 PM,1:30:00 PM,06/20/2026 1:00 PM - 06/20/2026 1:30 PM,2600 wilson ave walker,2600 wilson ave walker,42.918874673973,-85.770073526432,geocoded
The Sip shack #10,6/20/2026,6/20/2026,1:30:00 PM,2:00:00 PM,06/20/2026 1:30 PM - 06/20/2026 2:00 PM,"350 84th St SW, Byron Center, MI 49315","350 84th St SW, Byron Center, MI 49315",42.809353877236,-85.671341580186,geocoded
Lonestar Lemonade,6/20/2026,6/21/2026,2:00:00 PM,2:30:00 PM,06/20/2026 2:00 PM - 06/21/2026 2:30 PM,Downtown Grand Rapids,,,,no_usable_address
Big Reds BBQ,6/21/2026,6/21/2026,8:00:00 AM,9:00:00 AM,06/21/2026 8:00 AM - 06/21/2026 9:00 AM,"6251 Burlingame Ave SW, Byron Center","6251 Burlingame Ave SW, Byron Center, MI",42.851155707229,-85.703385951601,geocoded
Cousins Maine Lobster,6/21/2026,6/21/2026,9:00:00 AM,9:30:00 AM,06/21/2026 9:00 AM - 06/21/2026 9:30 AM,"4455 Breton Rd SE, Kentwood, MI 49508","4455 Breton Rd SE, Kentwood, MI 49508",42.881232133546,-85.607309623439,geocoded
Neko Taiyaki,6/21/2026,6/21/2026,9:30:00 AM,10:00:00 AM,06/21/2026 9:30 AM - 06/21/2026 10:00 AM,"300 Monroe Ave NW, Grand Rapids, MI 49503, US","300 Monroe Ave NW, Grand Rapids, MI 49503, US",42.968928424161,-85.671274860236,geocoded
The Wandering Cup,6/21/2026,6/21/2026,10:00:00 AM,10:30:00 AM,06/21/2026 10:00 AM - 06/21/2026 10:30 AM,"2751 Alpine Ave NW 3, Grand Rapids, MI 49544","2751 Alpine Ave NW 3, Grand Rapids, MI 49544",43.013817036065,-85.689763243166,geocoded
Patty Matters,6/21/2026,6/21/2026,11:00:00 AM,2:00:00 PM,06/21/2026 11:00 AM - 06/21/2026 2:00 PM,"100 corewell dr Nw, grand rapids mi 49503","100 corewell dr NW, grand rapids MI 49503",42.9752886542,-85.67170309167,geocoded
The Falafel Truck,6/22/2026,6/22/2026,11:45:00 AM,5:45:00 PM,06/22/2026 11:45 AM - 06/22/2026 5:45 PM,"303 Monroe Ave NW, Grand Rapids, Michigan 49503, United States","303 Monroe Ave NW, Grand Rapids, Michigan 49503",42.969457657528,-85.673848858883,geocoded
Olly's Donuts,6/22/2026,6/22/2026,5:30:00 PM,8:30:00 PM,06/22/2026 5:30 PM - 06/22/2026 8:30 PM,"1195 84th St SW, Byron Center, Michigan 49315, United States","1195 84th St SW, Byron Center, Michigan 49315",42.811902741776,-85.693063791514,geocoded
Kool Breeze,6/23/2026,6/23/2026,8:00:00 AM,9:00:00 AM,06/23/2026 8:00 AM - 06/23/2026 9:00 AM,"847 Greenbrier Dr SE, Grand Rapids, MI 49546","847 Greenbrier Dr SE, Grand Rapids, MI 49546",42.949050573143,-85.557131946812,geocoded
Patty Matters,6/23/2026,6/23/2026,9:00:00 AM,10:00:00 AM,06/23/2026 9:00 AM - 06/23/2026 10:00 AM,"2561 Porter St SW, Wyoming, MI 49519","2561 Porter St SW, Wyoming, MI 49519",42.922773683873,-85.728097961158,geocoded
Patty Matters,6/23/2026,6/23/2026,10:00:00 AM,11:00:00 AM,06/23/2026 10:00 AM - 06/23/2026 11:00 AM,"2900 Bradford St NE, Grand Rapids, Michigan 49525, United States","2900 Bradford St NE, Grand Rapids, Michigan 49525",42.976415223897,-85.598525221273,geocoded
Around Baking Co.,6/23/2026,10/13/2026,11:00:00 AM,12:00:00 PM,06/23/2026 11:00 AM - 10/13/2026 12:00 PM,"7239 Thornapple River Dr SE, Ada, MI 49301","7239 Thornapple River Dr SE, Ada, MI 49301",42.955707145369,-85.488896549441,geocoded
Cousins Maine Lobster,6/23/2026,6/23/2026,11:00:00 AM,11:30:00 AM,06/23/2026 11:00 AM - 06/23/2026 11:30 AM,"2550 E Beltline Ave NE, Grand Rapids, MI 49525","2550 E Beltline Ave NE, Grand Rapids, MI 49525",43.008471686863,-85.58899952359,geocoded
The Falafel Truck,6/23/2026,6/23/2026,12:00:00 PM,6:00:00 PM,06/23/2026 12:00 PM - 06/23/2026 6:00 PM,"303 Monroe Ave NW, Grand Rapids, Michigan 49503, United States","303 Monroe Ave NW, Grand Rapids, Michigan 49503",42.969457657528,-85.673848858883,geocoded
Olly's Donuts,6/23/2026,6/23/2026,4:30:00 PM,7:00:00 PM,06/23/2026 4:30 PM - 06/23/2026 7:00 PM,"7770 Carlisle Crossings Blvd SW, Byron Center, Michigan 49315, United States","7770 Carlisle Crossings Blvd SW, Byron Center, Michigan 49315",42.823440545622,-85.69586417903,geocoded
Patty Matters,6/24/2026,6/24/2026,8:00:00 AM,9:00:00 AM,06/24/2026 8:00 AM - 06/24/2026 9:00 AM,"8375 Freeland Ave SW, Byron Center, MI 49315","8375 Freeland Ave SW, Byron Center, MI 49315",42.812962118915,-85.724883752747,geocoded
Papa Dons Ice,6/24/2026,6/24/2026,9:00:00 AM,10:00:00 AM,06/24/2026 9:00 AM - 06/24/2026 10:00 AM,"5500 44th St SE, Grand Rapids, MI 49512","5500 44th St SE, Grand Rapids, MI 49512",42.884711042459,-85.529387009111,geocoded
Cousins Maine Lobster,6/24/2026,6/24/2026,10:00:00 AM,10:30:00 AM,06/24/2026 10:00 AM - 06/24/2026 10:30 AM,"4640 Division Ave S, Grand Rapids, MI 49548","4640 Division Ave S, Grand Rapids, MI 49548",42.879369255565,-85.663774565637,geocoded
Sodalicious Sips,6/24/2026,6/24/2026,10:30:00 AM,11:00:00 AM,06/24/2026 10:30 AM - 06/24/2026 11:00 AM,"5300 Patterson Ave SE 200, Kentwood, MI 49512","5300 Patterson Ave SE 200, Kentwood, MI 49512",42.867956456201,-85.544864444781,geocoded
Inspired Eats,6/24/2026,6/24/2026,11:00:00 AM,2:00:00 PM,06/24/2026 11:00 AM - 06/24/2026 2:00 PM,"3003 Wilson Ave NW, Walker, Michigan 49534, United States","3003 Wilson Ave NW, Walker, Michigan 49534",43.020001539504,-85.779984959299,geocoded
The Falafel Truck,6/24/2026,6/24/2026,12:15:00 PM,6:15:00 PM,06/24/2026 12:15 PM - 06/24/2026 6:15 PM,"303 Monroe Ave NW, Grand Rapids, Michigan 49503, United States","303 Monroe Ave NW, Grand Rapids, Michigan 49503",42.969457657528,-85.673848858883,geocoded
Freddy Frank's,6/24/2026,6/24/2026,4:00:00 PM,8:00:00 PM,06/24/2026 4:00 PM - 06/24/2026 8:00 PM,330 stonefall dr ada mi,330 stonefall dr ada MI,42.957390315345,-85.539254604624,geocoded
Kool Breeze,6/25/2026,6/25/2026,8:00:00 AM,9:00:00 AM,06/25/2026 8:00 AM - 06/25/2026 9:00 AM,"4900 Breton Rd SE, Kentwood, MI 49508","4900 Breton Rd SE, Kentwood, MI 49508",42.874644628202,-85.596592857315,geocoded
Patty Matters,6/25/2026,6/25/2026,9:00:00 AM,10:00:00 AM,06/25/2026 9:00 AM - 06/25/2026 10:00 AM,"701 Ball Ave NE, Grand Rapids, MI 49503","701 Ball Ave NE, Grand Rapids, MI 49503",42.975348983773,-85.630062708197,geocoded
Family Thyme Market,6/25/2026,6/25/2026,10:00:00 AM,11:00:00 AM,06/25/2026 10:00 AM - 06/25/2026 11:00 AM,"4455 Breton Rd SE, Kentwood, MI 49508","4455 Breton Rd SE, Kentwood, MI 49508",42.881232133546,-85.607309623439,geocoded
Cousins Maine Lobster,6/25/2026,6/25/2026,11:00:00 AM,11:30:00 AM,06/25/2026 11:00 AM - 06/25/2026 11:30 AM,"975 3 Mile Rd NW, Walker, MI 49544","975 3 Mile Rd NW, Walker, MI 49544",43.014938157524,-85.69323770967,geocoded
Big Red's BBQ,6/25/2026,6/25/2026,11:30:00 AM,12:00:00 PM,06/25/2026 11:30 AM - 06/25/2026 12:00 PM,"750 Lakeside Dr SE, East Grand Rapids, Michigan 49506, United States","750 Lakeside Dr SE, E Grand Rapids, Michigan 49506",42.948412081668,-85.610846618941,geocoded
The Falafel Truck,6/25/2026,6/25/2026,12:15:00 PM,6:15:00 PM,06/25/2026 12:15 PM - 06/25/2026 6:15 PM,"303 Monroe Ave NW, Grand Rapids, Michigan 49503, United States","303 Monroe Ave NW, Grand Rapids, Michigan 49503",42.969457657528,-85.673848858883,geocoded
Outlaw Roasted Corn 3,6/25/2026,6/25/2026,5:00:00 PM,9:00:00 PM,06/25/2026 5:00 PM - 06/25/2026 9:00 PM,"2399 Ball Ave NE, Grand Rapids, Michigan 49505, United States","2399 Ball Ave NE, Grand Rapids, Michigan 49505",43.006143871467,-85.630075687942,geocoded
Patty Matter,6/26/2026,6/27/2026,8:00:00 AM,9:00:00 AM,06/26/2026 8:00 AM - 06/27/2026 9:00 AM,"955 Godfrey Ave SW, Grand Rapids, MI 49503","955 Godfrey Ave SW, Grand Rapids, MI 49503",42.945896337249,-85.683792729715,geocoded
Patty Matters,6/26/2026,6/26/2026,8:00:00 AM,9:00:00 AM,06/26/2026 8:00 AM - 06/26/2026 9:00 AM,"955 Godfrey Ave SW, Grand Rapids, MI 49503","955 Godfrey Ave SW, Grand Rapids, MI 49503",42.945896337249,-85.683792729715,geocoded
Beverage Boutique,6/26/2026,6/26/2026,9:00:00 AM,10:00:00 AM,06/26/2026 9:00 AM - 06/26/2026 10:00 AM,"300 Monroe Ave NW, Grand Rapids, MI 49503","300 Monroe Ave NW, Grand Rapids, MI 49503",42.968928424161,-85.671274860236,geocoded
Olly's Donuts,6/26/2026,6/26/2026,9:00:00 AM,12:00:00 PM,06/26/2026 9:00 AM - 06/26/2026 12:00 PM,"34 S Main St, Kent City, Michigan 49330, United States","34 S Main St, Kent City, Michigan 49330",43.218882979461,-85.751005786355,geocoded
Grumpy's Food Trailer,6/26/2026,6/26/2026,10:00:00 AM,10:30:00 AM,06/26/2026 10:00 AM - 06/26/2026 10:30 AM,"4351 Parnell Ave SE, Ada, Michigan 49301, United States","4351 Parnell Ave SE, Ada, Michigan 49301",42.943762304701,-85.410686100559,geocoded
Kool Breeze,6/26/2026,8/2/2026,10:00:00 AM,10:30:00 AM,06/26/2026 10:00 AM - 08/02/2026 10:30 AM,"955 Godfrey Ave SW, Grand Rapids, MI 49503","955 Godfrey Ave SW, Grand Rapids, MI 49503",42.945896337249,-85.683792729715,geocoded
Family Thyme Foods,6/26/2026,6/26/2026,10:30:00 AM,11:00:00 AM,06/26/2026 10:30 AM - 06/26/2026 11:00 AM,"6890 Broadmoor Ave SE, Caledonia, Michigan 49316, United States","6890 Broadmoor Ave SE, Caledonia, Michigan 49316",42.839379656519,-85.528400710564,geocoded
Mikes Concessions Trailer,6/26/2026,6/26/2026,11:00:00 AM,11:30:00 AM,06/26/2026 11:00 AM - 06/26/2026 11:30 AM,Donwtown Kent City,,,,no_usable_address
Patty Matters,6/26/2026,6/26/2026,11:00:00 AM,4:00:00 PM,06/26/2026 11:00 AM - 06/26/2026 4:00 PM,"1145 Fulton St E, Grand Rapids, Michigan 49503, United States","1145 Fulton St E, Grand Rapids, Michigan 49503",42.962892364228,-85.640222088266,geocoded
ZOMBurgers,6/26/2026,6/26/2026,12:00:00 PM,1:00:00 PM,06/26/2026 12:00 PM - 06/26/2026 1:00 PM,"4717 Broadmoor Ave SE, Grand Rapids, Michigan 49512, United States","4717 Broadmoor Ave SE, Grand Rapids, Michigan 49512",42.877972537129,-85.562072743458,geocoded
Andy's Munchies,6/26/2026,6/26/2026,4:00:00 PM,7:00:00 PM,06/26/2026 4:00 PM - 06/26/2026 7:00 PM,"2655 Grand Castle Blvd SW, Grandville, Michigan 49418, United States","2655 Grand Castle Blvd SW, Grandville, Michigan 49418",42.91538021663,-85.760202494338,geocoded
Olly's Donuts,6/26/2026,6/26/2026,4:30:00 PM,10:00:00 PM,06/26/2026 4:30 PM - 06/26/2026 10:00 PM,"34 S Main St, Kent City, Michigan 49330, United States","34 S Main St, Kent City, Michigan 49330",43.218882979461,-85.751005786355,geocoded
Happy's Place Treasts,6/26/2026,6/26/2026,5:00:00 PM,10:00:00 PM,06/26/2026 5:00 PM - 06/26/2026 10:00 PM,"201 S Main St, Kent City, Michigan 49330, United States","201 S Main St, Kent City, Michigan 49330",43.216115729638,-85.751227062145,geocoded
Pork-N-Stein,6/26/2026,6/26/2026,5:00:00 PM,10:00:00 PM,06/26/2026 5:00 PM - 06/26/2026 10:00 PM,"201 S Main St, Kent City, Michigan 49330, United States","201 S Main St, Kent City, Michigan 49330",43.216115729638,-85.751227062145,geocoded
Sanse Foods,6/26/2026,6/26/2026,5:00:00 PM,9:00:00 PM,06/26/2026 5:00 PM - 06/26/2026 9:00 PM,"2797 Monroe Ave NE, Grand Rapids, Michigan 49505, United States","2797 Monroe Ave NE, Grand Rapids, Michigan 49505",43.014004353357,-85.663662665975,geocoded
Tacos La Familia GO,6/26/2026,6/26/2026,5:00:00 PM,9:00:00 PM,06/26/2026 5:00 PM - 06/26/2026 9:00 PM,"2001 Monroe Ave NE, Grand Rapids, Michigan 49505, United States","2001 Monroe Ave NE, Grand Rapids, Michigan 49505",43.010558245612,-85.666243219391,geocoded
Macatawa Bank Snack Wagon,6/27/2026,6/27/2026,8:00:00 AM,9:00:00 AM,06/27/2026 8:00 AM - 06/27/2026 9:00 AM,"3077 Wilson Dr NW, Grand Rapids, Michigan 49534, United States","3077 Wilson Dr NW, Grand Rapids, Michigan 49534",43.019480101308,-85.784474055182,geocoded
Grumpy's Food Trailer,6/27/2026,6/27/2026,9:00:00 AM,9:30:00 AM,06/27/2026 9:00 AM - 06/27/2026 9:30 AM,"3061 Monroe Ave NE, Grand Rapids, Michigan 49505, United States","3061 Monroe Ave NE, Grand Rapids, Michigan 49505",43.019193316705,-85.661105571316,geocoded
Mikes Concession Trailer,6/27/2026,6/27/2026,9:30:00 AM,10:00:00 AM,06/27/2026 9:30 AM - 06/27/2026 10:00 AM,"3901 Alpine Ave NW, Comstock Park, MI 49321","3901 Alpine Ave NW, Comstock Park, MI 49321",43.034516858419,-85.692917688607,geocoded
Olly's Donuts,6/27/2026,6/27/2026,9:30:00 AM,12:00:00 PM,06/27/2026 9:30 AM - 06/27/2026 12:00 PM,"34 S Main St, Kent City, Michigan 49330, United States","34 S Main St, Kent City, Michigan 49330",43.218882979461,-85.751005786355,geocoded
Pork-N-Stein,6/27/2026,6/27/2026,10:00:00 AM,2:00:00 PM,06/27/2026 10:00 AM - 06/27/2026 2:00 PM,"201 S Main St, Kent City, Michigan 49330, United States","201 S Main St, Kent City, Michigan 49330",43.216115729638,-85.751227062145,geocoded
SS Confections/S and S Bailey's,6/27/2026,6/27/2026,10:00:00 AM,7:00:00 PM,06/27/2026 10:00 AM - 06/27/2026 7:00 PM,"8542 Byron Center Ave SW, Byron Center, Michigan 49315, United States","8542 Byron Center Ave SW, Byron Center, Michigan 49315",42.80982791577,-85.722207243425,geocoded
Being Cheesy,6/27/2026,6/27/2026,12:00:00 PM,3:00:00 PM,06/27/2026 12:00 PM - 06/27/2026 3:00 PM,"3077 Wilson Dr NW, Grand Rapids, Michigan 49534, United States","3077 Wilson Dr NW, Grand Rapids, Michigan 49534",43.019480101308,-85.784474055182,geocoded
Olly's Donuts,6/27/2026,6/27/2026,12:00:00 PM,4:00:00 PM,06/27/2026 12:00 PM - 06/27/2026 4:00 PM,"3077 Wilson Dr NW Walker, MI 49534","3077 Wilson Dr NW Walker, MI 49534",43.019480101308,-85.784474055182,geocoded
Tacos La Familia GO,6/27/2026,6/27/2026,3:00:00 PM,8:00:00 PM,06/27/2026 3:00 PM - 06/27/2026 8:00 PM,"2001 Monroe Ave NE, Grand Rapids, Michigan 49505, United States","2001 Monroe Ave NE, Grand Rapids, Michigan 49505",43.010558245612,-85.666243219391,geocoded
Being Cheesy,6/27/2026,6/27/2026,4:00:00 PM,7:00:00 PM,06/27/2026 4:00 PM - 06/27/2026 7:00 PM,"2037 Milford St NW, Grand Rapids, Michigan 49504, United States","2037 Milford St NW, Grand Rapids, Michigan 49504",42.989558928176,-85.718746607061,geocoded
Olly's Donuts,6/27/2026,6/27/2026,4:30:00 PM,10:00:00 PM,06/27/2026 4:30 PM - 06/27/2026 10:00 PM,"34 S Main St, Kent City, Michigan 49330, United States","34 S Main St, Kent City, Michigan 49330",43.218882979461,-85.751005786355,geocoded
Legacy Donuts,6/28/2026,6/28/2026,8:00:00 AM,3:00:00 PM,06/28/2026 8:00 AM - 06/28/2026 3:00 PM,204 e muskegon st cedar springs,204 E muskegon st cedar springs,43.21881475077,-85.547042314684,geocoded
Patty Matters,6/28/2026,6/28/2026,8:00:00 AM,9:00:00 AM,06/28/2026 8:00 AM - 06/28/2026 9:00 AM,"7988 Clyde Park Ave SW, Byron Center, MI 49315","7988 Clyde Park Ave SW, Byron Center, MI 49315",42.81934862622,-85.680479195751,geocoded
Bessie's Burgers and More,6/28/2026,6/28/2026,9:00:00 AM,3:00:00 PM,06/28/2026 9:00 AM - 06/28/2026 3:00 PM,"301 36th St SW, Grand Rapids, Michigan 49548, United States","301 36th St SW, Grand Rapids, Michigan 49548",42.899060064414,-85.672076673094,geocoded
Kona Ice of Lowell,6/28/2026,6/28/2026,9:00:00 AM,9:30:00 AM,06/28/2026 9:00 AM - 06/28/2026 9:30 AM,"8542 Byron Center Ave SW, Byron Center, Michigan 49315, United States","8542 Byron Center Ave SW, Byron Center, Michigan 49315",42.80982791577,-85.722207243425,geocoded
S and S Confections/S and S Bailey's,6/28/2026,6/28/2026,10:00:00 AM,7:00:00 PM,06/28/2026 10:00 AM - 06/28/2026 7:00 PM,"8542 Byron Center Ave SW, Byron Center, Michigan 49315, United States","8542 Byron Center Ave SW, Byron Center, Michigan 49315",42.80982791577,-85.722207243425,geocoded
Around Baking Co.,6/28/2026,6/28/2026,12:00:00 PM,1:00:00 PM,06/28/2026 12:00 PM - 06/28/2026 1:00 PM,"955 Godfrey Ave SW, Grand Rapids, MI 49503","955 Godfrey Ave SW, Grand Rapids, MI 49503",42.945896337249,-85.683792729715,geocoded
Bessie's Burgers and More,6/29/2026,6/29/2026,9:00:00 AM,3:00:00 PM,06/29/2026 9:00 AM - 06/29/2026 3:00 PM,"301 36th St SW, Grand Rapids, Michigan 49548, United States","301 36th St SW, Grand Rapids, Michigan 49548",42.899060064414,-85.672076673094,geocoded
Kona Ice of Lowell,6/30/2026,6/30/2026,8:00:00 AM,8:30:00 AM,06/30/2026 8:00 AM - 06/30/2026 8:30 AM,"4343 Plainfield Ave NE, Grand Rapids, Michigan 49525, United States","4343 Plainfield Ave NE, Grand Rapids, Michigan 49525",43.041934423634,-85.608376974989,geocoded
Bessie's Burgers and More,6/30/2026,6/30/2026,9:00:00 AM,3:00:00 PM,06/30/2026 9:00 AM - 06/30/2026 3:00 PM,"301 36th St SW, Grand Rapids, Michigan 49548, United States","301 36th St SW, Grand Rapids, Michigan 49548",42.899060064414,-85.672076673094,geocoded
Kona Ice of Lowell,6/30/2026,6/30/2026,5:00:00 PM,7:00:00 PM,06/30/2026 5:00 PM - 06/30/2026 7:00 PM,"13495 92nd St SE, Alto, Michigan 49302, United States","13495 92nd St SE, Alto, Michigan 49302",42.801283487492,-85.335904520627,geocoded
Kona Ice of Lowell-Various Neighborhood Zip Codes Given,7/1/2026,7/6/2026,8:30:00 AM,9:00:00 AM,07/01/2026 8:30 AM - 07/06/2026 9:00 AM,Address unavailable,,,,no_usable_address
Bessies' Burgers,7/1/2026,7/1/2026,9:00:00 AM,5:00:00 PM,07/01/2026 9:00 AM - 07/01/2026 5:00 PM,"3350 Michael Ave SW, Wyoming, Michigan 49509, United States","3350 Michael Ave SW, Wyoming, Michigan 49509",42.903800324026,-85.693641046851,geocoded
Patty Matters,7/1/2026,7/1/2026,11:00:00 AM,2:00:00 PM,07/01/2026 11:00 AM - 07/01/2026 2:00 PM,"4001 3 Mile Rd NW, Grand Rapids, Michigan 49534, United States","4001 3 Mile Rd NW, Grand Rapids, Michigan 49534",43.017045284164,-85.769630961944,geocoded
Kona Ice of Lowell,7/1/2026,7/1/2026,12:00:00 PM,1:00:00 PM,07/01/2026 12:00 PM - 07/01/2026 1:00 PM,"156 Lewis St, Rockford, Michigan 49341, United States","156 Lewis St, Rockford, Michigan 49341",43.125369983318,-85.556675384546,geocoded
Kona Ice of Lowell,7/1/2026,7/1/2026,12:00:00 PM,1:00:00 PM,07/01/2026 12:00 PM - 07/01/2026 1:00 PM,"405 Summit Ave NE, Rockford, Michigan 49341, United States","405 Summit Ave NE, Rockford, Michigan 49341",43.128893064861,-85.567298943907,geocoded
Patty Matters,7/1/2026,7/1/2026,4:00:00 PM,7:00:00 PM,07/01/2026 4:00 PM - 07/01/2026 7:00 PM,401 N park ave SE grand rapids mi 49525,401 N park ave Grand Rapids MI 49525,43.022881645254,-85.659959123312,geocoded
Cousins Maine Lobster,7/1/2026,7/1/2026,4:30:00 PM,7:30:00 PM,07/01/2026 4:30 PM - 07/01/2026 7:30 PM,"1183 Dogwood Meadows Dr SE, Ada, Michigan 49301, United States","1183 Dogwood Meadows Dr SE, Ada, Michigan 49301",42.943530797083,-85.46883556461,geocoded
Big Rock Ear Amusements,7/2/2026,7/4/2026,8:00:00 AM,9:00:00 AM,07/02/2026 8:00 AM - 07/04/2026 9:00 AM,"51 W Lake St, Sand Lake, Michigan 49343, United States","51 W Lake St, Sand Lake, Michigan 49343",43.292003313484,-85.5183465096,geocoded
Chicken On Stick,7/2/2026,7/4/2026,8:00:00 AM,8:30:00 AM,07/02/2026 8:00 AM - 07/04/2026 8:30 AM,"51 W Lake St, Sand Lake, Michigan 49343, United States","51 W Lake St, Sand Lake, Michigan 49343",43.292003313484,-85.5183465096,geocoded
Cousins Maine Lobster,7/2/2026,7/2/2026,11:00:00 AM,2:00:00 PM,07/02/2026 11:00 AM - 07/02/2026 2:00 PM,"4425 14 Mile Rd NE, Rockford, Michigan 49341, United States","4425 14 Mile Rd NE, Rockford, Michigan 49341",43.177658306983,-85.560226713102,geocoded
Island Noodles,7/3/2026,7/3/2026,8:00:00 AM,9:00:00 AM,07/03/2026 8:00 AM - 07/03/2026 9:00 AM,"300 Monroe Ave NW, Grand Rapids, MI 49503","300 Monroe Ave NW, Grand Rapids, MI 49503",42.968928424161,-85.671274860236,geocoded
Neko Taiyaki,7/3/2026,7/3/2026,5:00:00 PM,9:00:00 PM,07/03/2026 5:00 PM - 07/03/2026 9:00 PM,"3001 Monroe Ave NE, Grand Rapids, Michigan 49505, United States","3001 Monroe Ave NE, Grand Rapids, Michigan 49505",43.016974615584,-85.662080553907,geocoded
Desi's Snow Shack,7/4/2026,7/4/2026,9:00:00 AM,10:00:00 AM,07/04/2026 9:00 AM - 07/04/2026 10:00 AM,"4900 Breton Rd SE, Kentwood, MI 49508","4900 Breton Rd SE, Kentwood, MI 49508",42.874644628202,-85.596592857315,geocoded
Kona Ice of Lowell,7/4/2026,7/4/2026,9:00:00 AM,12:00:00 PM,07/04/2026 9:00 AM - 07/04/2026 12:00 PM,"2800 Leelanau Dr NE, Grand Rapids, Michigan 49525, United States","2800 Leelanau Dr NE, Grand Rapids, Michigan 49525",43.036012986226,-85.600446521118,geocoded
Kona Ice of Lowell,7/4/2026,7/4/2026,9:00:00 AM,3:00:00 PM,07/04/2026 9:00 AM - 07/04/2026 3:00 PM,"2870 Jack Smith Ave SE, Cascade, Michigan 49546, United States","2870 Jack Smith Ave SE, Cascade, Michigan 49546",42.911845484242,-85.504678583473,geocoded
Patty Matters,7/4/2026,7/4/2026,9:00:00 AM,12:00:00 PM,07/04/2026 9:00 AM - 07/04/2026 12:00 PM,"3535 Wilson Ave SW, Grandville, Michigan 49418, United States","3535 Wilson Ave SW, Grandville, Michigan 49418",42.900455441745,-85.765299864935,geocoded
Dutch Treat Concessions,7/4/2026,7/4/2026,10:00:00 AM,11:00:00 PM,07/04/2026 10:00 AM - 07/04/2026 11:00 PM,"3535 Wilson Ave SW, Grandville, Michigan 49418, United States","3535 Wilson Ave SW, Grandville, Michigan 49418",42.900455441745,-85.765299864935,geocoded
Mays Concessions,7/4/2026,7/4/2026,10:00:00 AM,11:00:00 AM,07/04/2026 10:00 AM - 07/04/2026 11:00 AM,"3535 Wilson Ave SW, Grandville, MI 49418","3535 Wilson Ave SW, Grandville, MI 49418",42.900455441745,-85.765299864935,geocoded
Cheese and Squeeze,7/4/2026,7/4/2026,11:00:00 AM,12:00:00 PM,07/04/2026 11:00 AM - 07/04/2026 12:00 PM,"401 House St NE, Belmont, Michigan, United States","401 House St NE, Belmont, Michigan",43.104621285095,-85.627841030093,geocoded
Patty Matters,7/4/2026,7/4/2026,11:00:00 AM,1:00:00 PM,07/04/2026 11:00 AM - 07/04/2026 1:00 PM,"303 Pearl St NW, Grand Rapids, Michigan 49504, United States","303 Pearl St NW, Grand Rapids, Michigan 49504",42.968432089765,-85.677357355914,geocoded
Airborne Burritos,7/4/2026,7/4/2026,12:00:00 PM,1:00:00 PM,07/04/2026 12:00 PM - 07/04/2026 1:00 PM,"3535 Wilson Ave SW, Grandville, MI 49418","3535 Wilson Ave SW, Grandville, MI 49418",42.900455441745,-85.765299864935,geocoded
Around Baking Co.,7/4/2026,7/4/2026,1:00:00 PM,2:00:00 PM,07/04/2026 1:00 PM - 07/04/2026 2:00 PM,"2870 JACKSMITH AVE SE, Grand Rapids, MI 49546","2870 Jacksmith Ave SE, Grand Rapids, MI 49546",42.911845484242,-85.504678583473,geocoded
Patty Matters,7/5/2026,7/5/2026,9:00:00 AM,12:00:00 PM,07/05/2026 9:00 AM - 07/05/2026 12:00 PM,"3535 Wilson Ave SW, Grandville, Michigan 49418, United States","3535 Wilson Ave SW, Grandville, Michigan 49418",42.900455441745,-85.765299864935,geocoded
Cousins Maine Lobster,7/6/2026,7/6/2026,8:00:00 AM,9:00:00 AM,07/06/2026 8:00 AM - 07/06/2026 9:00 AM,"4900 Breton Rd SE, Kentwood, MI 49508","4900 Breton Rd SE, Kentwood, MI 49508",42.874644628202,-85.596592857315,geocoded
Frazee Concessions,7/7/2026,7/7/2026,8:00:00 AM,9:00:00 AM,07/07/2026 8:00 AM - 07/07/2026 9:00 AM,"113 Riverwalk Plz, Lowell, MI 49331","113 Riverwalk Plz, Lowell, MI 49331",42.935166243899,-85.337872591493,geocoded
Frazee Elephant Ear Unit,7/7/2026,7/11/2026,9:00:00 AM,10:00:00 AM,07/07/2026 9:00 AM - 07/11/2026 10:00 AM,"113 Riverwalk Plz, Lowell, MI 49331","113 Riverwalk Plz, Lowell, MI 49331",42.935166243899,-85.337872591493,geocoded
Sodalicious Sips,7/8/2026,7/8/2026,8:00:00 AM,8:30:00 AM,07/08/2026 8:00 AM - 07/08/2026 8:30 AM,"5300 Patterson Ave SE 200, Kentwood, MI 49512","5300 Patterson Ave SE 200, Kentwood, MI 49512",42.867956456201,-85.544864444781,geocoded
Macatawa Snack Wagon,7/8/2026,7/8/2026,12:00:00 PM,1:00:00 PM,07/08/2026 12:00 PM - 07/08/2026 1:00 PM,"2261 84th St SW, Byron Center, Michigan 49315, United States","2261 84th St SW, Byron Center, Michigan 49315",42.81265006066,-85.719409028869,geocoded
Patty Matters,7/9/2026,7/9/2026,11:00:00 AM,1:00:00 PM,07/09/2026 11:00 AM - 07/09/2026 1:00 PM,4069 Lake Dr SE Grand Rapids MI 49546,4069 Lake Dr Grand Rapids MI 49546,42.940445376067,-85.56950615047,geocoded
Patty Matters,7/9/2026,7/9/2026,4:30:00 PM,8:00:00 PM,07/09/2026 4:30 PM - 07/09/2026 8:00 PM,"1320 28th St SW, Wyoming, Michigan 49509, United States","1320 28th St SW, Wyoming, Michigan 49509",42.91289401842,-85.698782003344,geocoded
Patty Matters,7/10/2026,7/10/2026,10:00:00 AM,6:00:00 PM,07/10/2026 10:00 AM - 07/10/2026 6:00 PM,955 godfrey ave sw grand rapids mi,955 godfrey ave Grand Rapids MI,42.945896337249,-85.683792729715,geocoded
Patty Matters,7/10/2026,7/10/2026,11:00:00 AM,1:00:00 PM,07/10/2026 11:00 AM - 07/10/2026 1:00 PM,"3251 Fruit Ridge Ave NW, Grand Rapids, Michigan 49544, United States","3251 Fruit Ridge Ave NW, Grand Rapids, Michigan 49544",43.024386364512,-85.765982570949,geocoded
Neko Taiyaki,7/10/2026,7/10/2026,5:00:00 PM,9:00:00 PM,07/10/2026 5:00 PM - 07/10/2026 9:00 PM,"3001 Monroe Ave NE, Grand Rapids, Michigan 49505, United States","3001 Monroe Ave NE, Grand Rapids, Michigan 49505",43.016974615584,-85.662080553907,geocoded
Patty Matters,7/12/2026,7/12/2026,11:00:00 AM,4:00:00 PM,07/12/2026 11:00 AM - 07/12/2026 4:00 PM,"1145 Fulton St E, Grand Rapids, Michigan 49503, United States","1145 Fulton St E, Grand Rapids, Michigan 49503",42.962892364228,-85.640222088266,geocoded
Patty Matters,7/12/2026,7/12/2026,4:30:00 PM,7:30:00 PM,07/12/2026 4:30 PM - 07/12/2026 7:30 PM,"1050 Iroquois Dr SE, Grand Rapids, Michigan 49506, United States","1050 Iroquois Dr SE, Grand Rapids, Michigan 49506",42.943686280839,-85.632684158922,geocoded
Patty Matters,7/13/2026,7/13/2026,4:30:00 PM,8:30:00 PM,07/13/2026 4:30 PM - 07/13/2026 8:30 PM,"4900 Breton Rd SE, Kentwood, Michigan 49512, United States","4900 Breton Rd SE, Kentwood, Michigan 49512",42.874644628202,-85.596592857315,geocoded
MAC Snack Wagon,7/14/2026,7/14/2026,8:00:00 AM,9:00:00 AM,07/14/2026 8:00 AM - 07/14/2026 9:00 AM,"6330 28th St SE, Grand Rapids, Michigan 49546, United States","6330 28th St SE, Grand Rapids, Michigan 49546",42.912606309593,-85.511171960044,geocoded
Patty Matters,7/14/2026,7/14/2026,10:00:00 AM,2:00:00 PM,07/14/2026 10:00 AM - 07/14/2026 2:00 PM,"4055 Maple St SW, Grandville, Michigan 49418, United States","4055 Maple St SW, Grandville, Michigan 49418",42.907771334475,-85.764574243577,geocoded
Patty Matters,7/14/2026,7/14/2026,11:00:00 AM,1:30:00 PM,07/14/2026 11:00 AM - 07/14/2026 1:30 PM,"5300 Patterson Ave SE, Grand Rapids, Michigan 49512, United States","5300 Patterson Ave SE, Grand Rapids, Michigan 49512",42.867956456201,-85.544864444781,geocoded
Patty Matters,7/17/2026,7/17/2026,10:00:00 AM,11:00:00 PM,07/17/2026 10:00 AM - 07/17/2026 11:00 PM,30 coldbrook St NE grand rapids 49503,30 coldbrook St NE grand rapids 49503,42.980965675312,-85.665695111112,geocoded
Neko Taiyaki,7/17/2026,7/17/2026,5:00:00 PM,9:00:00 PM,07/17/2026 5:00 PM - 07/17/2026 9:00 PM,"3001 Monroe Ave NE, Grand Rapids, Michigan 49505, United States","3001 Monroe Ave NE, Grand Rapids, Michigan 49505",43.016974615584,-85.662080553907,geocoded
Patty Matters,7/18/2026,7/18/2026,10:00:00 AM,11:00:00 PM,07/18/2026 10:00 AM - 07/18/2026 11:00 PM,30 coldbrook St NE grand rapids 49503,30 coldbrook St NE grand rapids 49503,42.980965675312,-85.665695111112,geocoded
Neko Taiyaki,7/18/2026,7/18/2026,12:00:00 PM,3:00:00 PM,07/18/2026 12:00 PM - 07/18/2026 3:00 PM,"2255 Alpine Ave NW, Grand Rapids, Michigan 49544, United States","2255 Alpine Ave NW, Grand Rapids, Michigan 49544",43.004894625863,-85.689019433078,geocoded
Patty Matters,7/18/2026,7/18/2026,4:30:00 PM,8:30:00 PM,07/18/2026 4:30 PM - 07/18/2026 8:30 PM,"4900 Breton Rd SE, Kentwood, Michigan 49512, United States","4900 Breton Rd SE, Kentwood, Michigan 49512",42.874644628202,-85.596592857315,geocoded
Patty Matters,7/19/2026,7/19/2026,10:00:00 AM,6:00:00 PM,07/19/2026 10:00 AM - 07/19/2026 6:00 PM,955 godfrey ave sw grand rapids mi,955 godfrey ave Grand Rapids MI,42.945896337249,-85.683792729715,geocoded
Neko Taiyaki,7/19/2026,7/19/2026,12:00:00 PM,3:00:00 PM,07/19/2026 12:00 PM - 07/19/2026 3:00 PM,"928 Wealthy St SE, Grand Rapids, Michigan 49506, United States","928 Wealthy St SE, Grand Rapids, Michigan 49506",42.955156957244,-85.645707457161,geocoded
MAC Snack Wagon,7/21/2026,7/21/2026,8:00:00 AM,9:00:00 AM,07/21/2026 8:00 AM - 07/21/2026 9:00 AM,"4590 Cascade Rd SE, Grand Rapids, Michigan 49546, United States","4590 Cascade Rd SE, Grand Rapids, Michigan 49546",42.94579588014,-85.556223599965,geocoded
The Macatawa Snack Wagon,7/21/2026,7/21/2026,1:00:00 PM,3:00:00 PM,07/21/2026 1:00 PM - 07/21/2026 3:00 PM,"2515 Alpine Ave NW, Grand Rapids, Michigan 49544, United States","2515 Alpine Ave NW, Grand Rapids, Michigan 49544",43.010054651187,-85.690098435474,geocoded
Patty Matters,7/21/2026,7/21/2026,5:00:00 PM,8:00:00 PM,07/21/2026 5:00 PM - 07/21/2026 8:00 PM,"847 Greenbrier Dr SE, Grand Rapids, Michigan 49546, United States","847 Greenbrier Dr SE, Grand Rapids, Michigan 49546",42.949050573143,-85.557131946812,geocoded
MAC Snack Wagon,7/22/2026,7/22/2026,8:00:00 AM,9:00:00 AM,07/22/2026 8:00 AM - 07/22/2026 9:00 AM,"3191 44th St SW, Grandville, MI 49418","3191 44th St SW, Grandville, MI 49418",42.885273677709,-85.742620530418,geocoded
Sodalicious Sips,7/22/2026,7/22/2026,9:00:00 AM,9:30:00 AM,07/22/2026 9:00 AM - 07/22/2026 9:30 AM,"5300 Patterson Ave SE 200, Kentwood, MI 49512","5300 Patterson Ave SE 200, Kentwood, MI 49512",42.867956456201,-85.544864444781,geocoded
Patty Matters,7/23/2026,7/23/2026,11:00:00 AM,1:00:00 PM,07/23/2026 11:00 AM - 07/23/2026 1:00 PM,"701 Ball Ave NE, Grand Rapids, Michigan 49503, United States","701 Ball Ave NE, Grand Rapids, Michigan 49503",42.975348983773,-85.630062708197,geocoded
Patty Matters,7/23/2026,7/23/2026,4:00:00 PM,8:00:00 PM,07/23/2026 4:00 PM - 07/23/2026 8:00 PM,"4055 Maple St SW, Grandville, Michigan 49418, United States","4055 Maple St SW, Grandville, Michigan 49418",42.907771334475,-85.764574243577,geocoded
Neko Taiyaki,7/24/2026,7/24/2026,5:00:00 PM,9:00:00 PM,07/24/2026 5:00 PM - 07/24/2026 9:00 PM,"3001 Monroe Ave NE, Grand Rapids, Michigan 49505, United States","3001 Monroe Ave NE, Grand Rapids, Michigan 49505",43.016974615584,-85.662080553907,geocoded
Patty Matters,7/24/2026,7/24/2026,5:30:00 PM,7:30:00 PM,07/24/2026 5:30 PM - 07/24/2026 7:30 PM,1001 E beltline ave ne grand rapids,1001 E beltline ave NE grand rapids,42.982007042962,-85.593403375518,geocoded
Patty Matters,7/25/2026,7/25/2026,11:00:00 AM,2:00:00 PM,07/25/2026 11:00 AM - 07/25/2026 2:00 PM,"847 Greenbrier Dr SE, Grand Rapids, Michigan 49546, United States","847 Greenbrier Dr SE, Grand Rapids, Michigan 49546",42.949050573143,-85.557131946812,geocoded
Patty Matters,7/26/2026,7/26/2026,9:00:00 AM,2:00:00 PM,07/26/2026 9:00 AM - 07/26/2026 2:00 PM,"301 36th St SW, Grand Rapids, Michigan 49548, United States","301 36th St SW, Grand Rapids, Michigan 49548",42.899060064414,-85.672076673094,geocoded
Patty Matters,7/28/2026,7/28/2026,11:00:00 AM,2:00:00 PM,07/28/2026 11:00 AM - 07/28/2026 2:00 PM,"7239 Thornapple River Dr SE, Ada, Michigan 49301, United States","7239 Thornapple River Dr SE, Ada, Michigan 49301",42.955707145369,-85.488896549441,geocoded
Patty Matters,7/30/2026,7/30/2026,4:00:00 PM,8:00:00 PM,07/30/2026 4:00 PM - 07/30/2026 8:00 PM,"4055 Maple St SW, Grandville, Michigan 49418, United States","4055 Maple St SW, Grandville, Michigan 49418",42.907771334475,-85.764574243577,geocoded
Bessie's Burgers,8/1/2026,8/1/2026,10:00:00 AM,10:00:00 PM,08/01/2026 10:00 AM - 08/01/2026 10:00 PM,"1155 28th St SW, Wyoming, Michigan 49509, United States","1155 28th St SW, Wyoming, Michigan 49509",42.914038525389,-85.694530450597,geocoded
Kool Breeze,8/7/2026,8/7/2026,8:00:00 AM,9:00:00 AM,08/07/2026 8:00 AM - 08/07/2026 9:00 AM,"75 N Union St, Sparta, Michigan 49345, United States","75 N Union St, Sparta, Michigan 49345",43.162380360608,-85.70747730588,geocoded
Sodalicious Sips,8/11/2026,8/11/2026,8:30:00 AM,9:00:00 AM,08/11/2026 8:30 AM - 08/11/2026 9:00 AM,"5300 Patterson Ave SE 200, Kentwood, MI 49512","5300 Patterson Ave SE 200, Kentwood, MI 49512",42.867956456201,-85.544864444781,geocoded
Waffle Stix,8/15/2026,8/15/2026,8:00:00 AM,9:00:00 AM,08/15/2026 8:00 AM - 08/15/2026 9:00 AM,"4425 14 Mile Rd NE, Rockford, MI 49341","4425 14 Mile Rd NE, Rockford, MI 49341",43.177658306983,-85.560226713102,geocoded
Macatawa Snack Wagon,8/19/2026,8/19/2026,8:00:00 AM,8:30:00 AM,08/19/2026 8:00 AM - 08/19/2026 8:30 AM,"1575 68th St SE, Grand Rapids, Michigan 49508, United States","1575 68th St SE, Grand Rapids, Michigan 49508",42.841432887521,-85.625513524574,geocoded
Desi's Snow Shack,8/20/2026,8/20/2026,8:00:00 AM,9:00:00 AM,08/20/2026 8:00 AM - 08/20/2026 9:00 AM,"4900 Breton Rd SE, Kentwood, MI 49508","4900 Breton Rd SE, Kentwood, MI 49508",42.874644628202,-85.596592857315,geocoded
Macatawa Snack Wagon,8/26/2026,8/26/2026,8:00:00 AM,9:00:00 AM,08/26/2026 8:00 AM - 08/26/2026 9:00 AM,"3177 Knapp St NE, Grand Rapids, MI 49525","3177 Knapp St NE, Grand Rapids, MI 49525",42.999174898956,-85.591178231682,geocoded
Macatawa Bank Snack Wagon,8/28/2026,8/28/2026,8:00:00 AM,8:30:00 AM,08/28/2026 8:00 AM - 08/28/2026 8:30 AM,"8555 Kalamazoo Ave SE, Caledonia, MI 49316","8555 Kalamazoo Ave SE, Caledonia, MI 49316",42.810781650623,-85.626576768992,geocoded
Family Thyme Foods,10/2/2026,10/2/2026,8:00:00 AM,9:00:00 AM,10/02/2026 8:00 AM - 10/02/2026 9:00 AM,7970 Snow Ave Lowell,"7970 Snow Ave Lowell, MI",42.888827395108,-85.429937739591,geocoded
"Elliot's Amusements, 4 Trailers - Sausage, Lemonade, Elephant ears, Popcorn (X4 NOIs)",10/2/2026,10/4/2026,10:00:00 AM,11:00:00 AM,10/02/2026 10:00 AM - 10/04/2026 11:00 AM,"95 S Main St NE, Cedar Springs, MI 49319","95 S Main St NE, Cedar Springs, MI 49319",43.215789196227,-85.551134079629,geocoded
